component_id,name,component_type_id,component_mac475
9999,OTHER,OTHER,
C-0001,SLEEVE,CP-024,sleeve
C-0002,SLEEVE,CP-024,sleeve
C-0003,SLEEVE-FLARED,CP-024,sleeve
C-0004,NUT,CP-026,nut
C-0005,ADAPTER-STR,CP-028,adaptor
C-0006,ADAPTER-STR,CP-028,adaptor
C-0007,CONNECTOR-FLARE,CP-014,threaded
C-0008,BOSS,CP-018,boss
C-0009,BOSS,CP-018,boss
C-0010,NUT-FUEL TUBE,OTHER,other
C-0011,NUT,OTHER,other
C-0012,FLANGE,CP-001,straight
C-0013,ELBOW,CP-008,elbow
C-0014,FLANGE,CP-001,straight
C-0015,FLANGE,CP-001,straight
C-0016,ELBOW,CP-009,elbow
C-0017,ELBOW,CP-009,elbow
C-0018,ELBOW,CP-009,elbow
C-0019,FLANGE-ONE PIECE,CP-002,straight
C-0020,BOSS,CP-018,boss
C-0021,HOUSING-OIL,CP-010,elbow
C-0022,HOUSING FUEL,CP-010,elbow
C-0023,BLOCK,CP-008,elbow
C-0024,BLOCK,OTHER,other
C-0025,TUBE-LUBRICATION,OTHER,other
C-0026,TUBE,OTHER,other
C-0027,FLANGE,CP-021,float
C-0028,ELBOW-HYDRAULIC,CP-011,elbow
C-0029,FLANGE,CP-001,straight
C-0030,ELBOW,CP-015,threaded
C-0031,WASHER,OTHER,other
C-0032,TUBE,OTHER,other
C-0033,FLANGE,OTHER,other
C-0034,FLANGE,OTHER,other
C-0035,BOSS,CP-027,nut
C-0036,FLANGE-BRAZE,CP-003,straight
C-0037,LUG,OTHER,other
C-0038,FLANGE,CP-004,straight
C-0039,TUBE,OTHER,other
C-0040,ADAPTER,OTHER,other
C-0041,CONNECTOR-ORFS,CP-014,threaded
C-0042,ELBOW,CP-008,elbow
C-0043,CONNECTOR-ORFS,CP-014,threaded
C-0044,CONNECTOR-ORFS,CP-014,threaded
C-0045,ADAPTER-OIL LIN,OTHER,other
C-0046,FLANGE-ONE PIEC,CP-005,straight
C-0047,BAR,OTHER,other
C-0048,SLEEVE-BRAZE,CP-024,sleeve
C-0049,SLEEVE-ORFS,CP-024,sleeve
C-0050,SLEEVE-ORFS,CP-024,sleeve
C-0051,SLEEVE-ORFS,CP-024,sleeve
C-0052,SLEEVE-ORFS,CP-024,sleeve
C-0053,SLEEVE-ORFS,CP-024,sleeve
C-0054,BOSS,CP-018,boss
C-0055,FITTING,OTHER,other
C-0056,FITTING,OTHER,other
C-0057,NUT,OTHER,other
C-0058,SLEEVE-90DEG,CP-024,sleeve
C-0059,SLEEVE-90DEG,CP-024,sleeve
C-0060,SLEEVE-90DEG,CP-024,sleeve
C-0061,ADAPTER-O SUPPL,CP-010,elbow
C-0062,FLANGE-BRAZE,CP-003,straight
C-0063,ADAPTER-O LINE,CP-010,elbow
C-0064,PLATE,OTHER,other
C-0065,ELBOW-WELD,CP-009,elbow
C-0066,ELBOW-WELD,CP-009,elbow
C-0067,TUBE,OTHER,other
C-0068,TUBE AS,OTHER,other
C-0069,ELBOW,CP-015,threaded
C-0070,ELBOW-WELD,CP-015,threaded
C-0071,BOSS,CP-018,boss
C-0072,ELBOW WELD,CP-015,threaded
C-0073,ELBOW WELD,CP-015,threaded
C-0074,CONNECTOR-STOR,CP-014,threaded
C-0075,ELBOW-HYDRAULIC,CP-011,elbow
C-0076,ELBOW-HYDRAULIC,CP-011,elbow
C-0077,CONNECTOR-ORFS,CP-014,threaded
C-0078,COUPLING AS,CP-014,threaded
C-0079,FLANGE-ONE PIECE,CP-002,straight
C-0080,FLANGE,CP-003,straight
C-0081,FLANGE,CP-004,straight
C-0082,BOSS-ORFS,CP-018,boss
C-0083,FLANGE-ONE PIECE,CP-019,boss
C-0084,FLANGE,CP-019,boss
C-0085,BOSS-FITTING,OTHER,other
C-0086,FLANGE,CP-003,straight
C-0087,FLANGE,OTHER,other
C-0088,FLANGE,OTHER,other
C-0089,FLANGE,OTHER,other
C-0090,ELBOW-HYDRAULIC,CP-011,elbow
C-0091,COUPLING-PERM,OTHER,other
C-0092,FLANGE,OTHER,other
C-0093,FLANGE,CP-003,straight
C-0094,ELBOW,CP-010,elbow
C-0095,NUT,CP-025,nut
C-0096,SLEEVE,CP-024,sleeve
C-0097,NUT-SWIVEL,CP-025,nut
C-0098,FLANGE,OTHER,other
C-0099,FLANGE,OTHER,other
C-0100,FLANGE,OTHER,other
C-0101,SLEEVE,CP-024,sleeve
C-0102,NUT-SWIVEL,CP-025,nut
C-0103,BLOCK,OTHER,other
C-0104,BLOCK,CP-008,elbow
C-0105,ELBOW-BRAZE,CP-008,elbow
C-0106,ELBOW-BRAZE,CP-008,elbow
C-0107,ELBOW-900 3/4,CP-008,elbow
C-0108,FLANGE,OTHER,other
C-0109,PLATE,OTHER,other
C-0110,FLANGE-ONE PIECE,CP-002,straight
C-0111,BOSS,CP-018,boss
C-0112,FLANGE,OTHER,other
C-0113,TUBE,OTHER,other
C-0114,TUBE,OTHER,other
C-0115,FLANGE,CP-003,straight
C-0116,PLATE-FLANGE,OTHER,other
C-0117,BOSS,CP-018,boss
C-0118,FLANGE,OTHER,other
C-0119,FITTING,CP-015,threaded
C-0120,ADAPTER,OTHER,other
C-0121,ADAPTER-O LINE,OTHER,other
C-0122,HEAD-FLANGED,CP-006,straight
C-0123,ADAPTER-OIL LIN,OTHER,other
C-0124,COUPLING AS-PERM,OTHER,other
C-0125,COUPLING AS-PERM,OTHER,other
C-0126,COUPLING AS-PERM,OTHER,other
C-0127,COUPLING AS-PERM,OTHER,other
C-0128,COUPLING AS-PER,OTHER,other
C-0129,ELBOW-OIL INLET,OTHER,other
C-0130,FLANGE,OTHER,other
C-0131,FLANGE,CP-003,straight
C-0132,HEAD-FLANGED,CP-006,straight
C-0133,CONNECTOR,CP-014,threaded
C-0134,NUT-SWIVEL,CP-025,nut
C-0135,ELBOW-AFTCLR,OTHER,other
C-0136,FLANGE AS.,OTHER,other
C-0137,FLANGE,CP-003,straight
C-0138,FLANGE,CP-003,straight
C-0139,FLANGE,OTHER,other
C-0140,ELBOW,CP-010,elbow
C-0141,PLATE,CP-004,straight
C-0142,FLANGE,CP-006,straight
C-0143,ELBOW-HYDRAULIC,CP-011,elbow
C-0144,HASP AS,OTHER,other
C-0145,PLATE AS,OTHER,other
C-0146,FLANGE,CP-004,straight
C-0147,FLANGE,CP-003,straight
C-0148,ELBOW,OTHER,other
C-0149,ORIFICE,OTHER,other
C-0150,FLANGE,CP-003,straight
C-0151,BOSS,CP-018,boss
C-0152,ELBOW-HYDRAULIC,CP-008,elbow
C-0153,TUBE AS,OTHER,other
C-0154,FLANGE-ONE PIEC,CP-002,straight
C-0155,PLATE,OTHER,other
C-0156,FLANGE,CP-002,straight
C-0157,FLANGE-ONE PIEC,CP-002,straight
C-0158,FLANGE,CP-004,straight
C-0159,CONNECTOR,CP-016,threaded
C-0160,ELBOW,CP-009,elbow
C-0161,BLOCK,CP-020,boss
C-0162,FLANGE,CP-003,straight
C-0163,ELBOW-HYDRAULIC,CP-011,elbow
C-0164,ADAPTER,OTHER,other
C-0165,BOSS-FITTING,CP-018,boss
C-0166,FLANGE,CP-004,straight
C-0167,FLANGE-O FILLER,OTHER,other
C-0168,ADAPTER,OTHER,other
C-0169,FLANGE,CP-008,elbow
C-0170,FLANGE,CP-004,straight
C-0171,BOSS,OTHER,other
C-0172,FLANGE,CP-004,straight
C-0173,CONNECTOR,CP-014,threaded
C-0174,FLANGE-ONE PIECE,CP-002,straight
C-0175,ELBOW-HYDRAULIC,CP-011,elbow
C-0176,UNION-TUBE,OTHER,other
C-0177,BOSS,CP-018,boss
C-0178,ADAPTER,CP-014,threaded
C-0179,UNION-BRAZE,CP-014,threaded
C-0180,UNION-BRAZE,CP-014,threaded
C-0181,UNION-BRAZE,CP-014,threaded
C-0182,UNION-BRAZE,CP-014,threaded
C-0183,ELBOW,OTHER,other
C-0184,PLATE,OTHER,other
C-0185,PLATE,OTHER,other
C-0186,SLEEVE-ORFS,CP-024,sleeve
C-0187,ELBOW,CP-008,elbow
C-0188,ELBOW,CP-008,elbow
C-0189,ELBOW,CP-015,threaded
C-0190,FLANGE,CP-002,straight
C-0191,FLANGE,CP-004,straight
C-0192,ELBOW-HYDRAULIC,CP-008,elbow
C-0193,FLANGE,CP-003,straight
C-0194,FLANGE,OTHER,other
C-0195,FLANGE,OTHER,other
C-0196,FLANGE,OTHER,other
C-0197,FLANGE,OTHER,other
C-0198,FLANGE,OTHER,other
C-0199,COUPLET-WELD,CP-018,boss
C-0200,BOSS-WELD,OTHER,other
C-0201,PLATE,OTHER,other
C-0202,FLANGE,CP-004,straight
C-0203,PLATE,OTHER,other
C-0204,PLATE,OTHER,other
C-0205,FLANGE,CP-002,straight
C-0206,BLOCK-HYD,OTHER,other
C-0207,ELBOW-HYDRAULIC,CP-011,elbow
C-0208,CONNECTOR-WELD,CP-018,boss
C-0209,CONNECTOR-WELD,CP-018,boss
C-0210,ELBOW,CP-015,threaded
C-0211,ELBOW,CP-015,threaded
C-0212,ELBOW,CP-015,threaded
C-0213,CONNECTOR-WELD,CP-018,boss
C-0214,CONNECTOR-WELD,CP-018,boss
C-0215,CONNECTOR-WELD,CP-018,boss
C-0216,CONNECTOR,CP-014,threaded
C-0217,CONNECTOR,CP-014,threaded
C-0218,CONNECTOR,CP-014,threaded
C-0219,FLANGE-SPECIAL,CP-001,straight
C-0220,FLANGE,CP-001,straight
C-0221,FLANGE,CP-001,straight
C-0222,MANIFOLD,OTHER,other
C-0223,TEE-ORFS TO BRA,CP-016,threaded
C-0224,BOSS,OTHER,other
C-0225,NUT-FLARED,OTHER,other
C-0226,SLEEVE-FLARED,CP-024,sleeve
C-0227,NUT,OTHER,other
C-0228,SLEEVE,CP-024,sleeve
C-0229,FLANGE,CP-004,straight
C-0230,TUBE AS,OTHER,other
C-0231,FLANGE,CP-004,straight
C-0232,BOSS,OTHER,other
C-0233,TUBE,OTHER,other
C-0234,PLATE,OTHER,other
C-0235,PIPE,OTHER,other
C-0236,GUSSET,OTHER,other
C-0237,HEAD FLANGED,CP-006,straight
C-0238,NA,CP-011,elbow
C-0239,REDUCER,OTHER,other
C-0240,UNION-BRAZE,CP-014,threaded
C-0241,PLUG AS-HSH-STO,OTHER,other
C-0242,BOSS,CP-018,boss
C-0243,FLANGE,CP-019,boss
C-0244,FLANGE,CP-003,straight
C-0245,COUPLET-WELD,CP-018,boss
C-0246,FLANGE,CP-004,straight
C-0247,FLANGE-ONE PIEC,CP-003,straight
C-0248,PLATE,OTHER,other
C-0249,PLATE,OTHER,other
C-0250,FLANGE-ONE PIEC,CP-003,straight
C-0251,COLLAR,OTHER,other
C-0252,NUT-FUEL INJ,OTHER,other
C-0253,CONNECTOR-ORFS,CP-014,threaded
C-0254,FLANGE,CP-010,elbow
C-0255,BOSS,CP-018,boss
C-0256,TUBE,OTHER,other
C-0257,FLANGE,CP-019,boss
C-0258,BOSS,CP-018,boss
C-0259,ELBOW,CP-008,elbow
C-0260,BOSS,CP-018,boss
C-0261,NUT-ORFS,CP-025,nut
C-0262,BOSS,CP-018,boss
C-0263,ELBOW-90 DEG,CP-015,threaded
C-0264,ELBOW-90 DEG,CP-015,threaded
C-0265,FLANGE,OTHER,other
C-0266,FLANGE,CP-008,elbow
C-0267,COUPLING AS.,OTHER,other
C-0268,FLANGE-ONE PIEC,CP-003,straight
C-0269,FLANGE,CP-019,boss
C-0270,SPACER,OTHER,other
C-0271,TEE-HYDRAULIC,OTHER,tee
C-0272,UNION-BRAZE,CP-014,threaded
C-0273,ELBOW-HYDRAULIC,CP-008,elbow
C-0274,BOSS,CP-018,boss
C-0275,FLANGE-ONE PIECE,CP-003,straight
C-0276,MANIFOLD,OTHER,other
C-0277,MANIFOLD-FUEL,OTHER,other
C-0278,CONNECTOR-WELD,CP-018,boss
C-0279,TUBE,OTHER,other
C-0280,TUBE AS.,OTHER,other
C-0281,HOSE AS.,OTHER,other
C-0282,TUBE AS.,OTHER,other
C-0283,HOSE AS.,OTHER,other
C-0284,ELBOW-HYDRAULIC,CP-011,elbow
C-0285,ELBOW-HYDRAULIC,CP-011,elbow
C-0286,NUT-WELD,OTHER,other
C-0287,NUT-WELD,OTHER,other
C-0288,NUT-WELD,OTHER,other
C-0289,TUBE,OTHER,other
C-0290,TUBE AS.,OTHER,other
C-0291,TUBE AS.,OTHER,other
C-0292,FLANGE,CP-004,straight
C-0293,HEAD-FLANGED,OTHER,other
C-0294,BLOCK,OTHER,other
C-0295,FLANGE,CP-004,straight
C-0296,ELBOW,CP-010,elbow
C-0297,TUBE,OTHER,other
C-0298,BRACKET,OTHER,other
C-0299,TUBE,OTHER,other
C-0300,BRACKET,OTHER,other
C-0301,BLOCK,OTHER,other
C-0302,PLUG AS-LD STOR,OTHER,other
C-0303,ELBOW,CP-008,elbow
C-0304,FLANGE,OTHER,other
C-0305,PLATE,OTHER,other
C-0306,FLANGE,CP-003,straight
C-0307,CONNECTOR-SEAL,CP-019,boss
C-0308,NUT-FLARED,CP-026,nut
C-0309,SLEEVE-FLARED,CP-024,sleeve
C-0310,SPACER,OTHER,other
C-0311,ADAPTER-INLET,OTHER,other
C-0312,ADAPTER-INLET,OTHER,other
C-0313,SLEEVE,OTHER,other
C-0314,ADAPTER,OTHER,other
C-0315,BOSS,CP-027,nut
C-0316,ELBOW,OTHER,other
C-0317,ADAPTER,OTHER,other
C-0318,CONNECTOR,CP-014,threaded
C-0319,ELBOW,OTHER,other
C-0320,PLUG,CP-012,elbow
C-0321,BOSS,CP-027,nut
C-0322,PLUG AS.,OTHER,other
C-0323,FLANGE,OTHER,other
C-0324,PLUG AS.,OTHER,other
C-0325,FLANGE,CP-003,straight
C-0326,PLATE,OTHER,other
C-0327,TUBE,OTHER,other
C-0328,TUBE AS.,OTHER,other
C-0329,ELBOW,OTHER,other
C-0330,ELBOW,OTHER,other
C-0331,MANIFOLD,CP-008,elbow
C-0332,HEAD-FLANGED,CP-006,straight
C-0333,HEAD-FLANGED,CP-006,straight
C-0334,HEAD-FLANGED,CP-006,straight
C-0335,HEAD-FLANGED,CP-006,straight
C-0336,NUT-37 DEG FLARE,CP-026,nut
C-0337,NUT-ORFS,CP-025,nut
C-0338,ELBOW-WELD,CP-015,threaded
C-0339,TEE-ORFS TO WEL,CP-016,threaded
C-0340,ELBOW,OTHER,other
C-0341,PLATE,OTHER,other
C-0342,FLANGE,CP-002,straight
C-0343,FLANGE-ONE PIECE,CP-003,straight
C-0344,FLANGE,CP-003,straight
C-0345,BOSS,CP-027,nut
C-0346,PLATE,OTHER,other
C-0347,CAP-A/C,OTHER,other
C-0348,CONNECTOR-WELD,CP-018,boss
C-0349,FLANGE-PIPE,OTHER,other
C-0350,PIPE,OTHER,other
C-0351,PLATE AS,OTHER,other
C-0352,PLATE,OTHER,other
C-0353,PIPE,OTHER,other
C-0354,BUSHING-REDUCING,CP-028,adaptor
C-0355,PLATE,OTHER,other
C-0356,BOSS,CP-018,boss
C-0357,FLANGE,OTHER,other
C-0358,BOSS,CP-018,boss
C-0359,FLANGE-ONE PIECE,CP-002,straight
C-0360,FLANGE,CP-003,straight
C-0361,CONNECTOR-O-RIN,CP-028,adaptor
C-0362,FLANGE,CP-004,straight
C-0363,CONNECTOR,CP-014,threaded
C-0364,FLANGE,OTHER,other
C-0365,FLANGE,OTHER,other
C-0366,FLANGE,OTHER,other
C-0367,ELBOW,CP-009,elbow
C-0368,ADAPTER,OTHER,other
C-0369,TEE,CP-016,threaded
C-0370,HEAD-FLANGED,CP-006,straight
C-0371,FITTING,CP-016,threaded
C-0372,BRACKET,OTHER,other
C-0373,ADAPTER,OTHER,other
C-0374,COUPLING AS,OTHER,other
C-0375,NUT-DIRECT INJ,OTHER,other
C-0376,FLANGE,OTHER,other
C-0377,VALVE CORE,OTHER,other
C-0378,VALVE BODY,OTHER,other
C-0379,TUBE,OTHER,other
C-0380,FLANGE,CP-003,straight
C-0381,TUBE,OTHER,other
C-0382,PLUG AS-STOR,OTHER,other
C-0383,FLANGE,OTHER,other
C-0384,TUBE,OTHER,other
C-0385,FLANGE,CP-004,straight
C-0386,HEAD-O-RING SEAL,CP-014,threaded
C-0387,FLANGE,CP-019,boss
C-0388,CONNECTOR-BHD,CP-014,threaded
C-0389,CONNECTOR-BHD,CP-014,threaded
C-0390,NUT-SWIVEL,CP-025,nut
C-0391,SLEEVE-90 DEG,CP-024,sleeve
C-0392,HEAD-FLANGE,CP-006,straight
C-0393,BOSS,CP-018,boss
C-0394,ELBOW-HYDRAULIC,CP-008,elbow
C-0395,PLATE,OTHER,other
C-0396,FLANGE,OTHER,other
C-0397,ORIFICE AS.-A/C,OTHER,other
C-0398,FLANGE,CP-004,straight
C-0399,TEE,CP-016,threaded
C-0400,FLANGE-ONE PIECE,CP-003,straight
C-0401,ELBOW-HYDRAULIC,CP-008,elbow
C-0402,BLOCK-DRAIN,OTHER,other
C-0403,BOSS,CP-003,straight
C-0404,SLEEVE,OTHER,other
C-0405,BOSS,CP-018,boss
C-0406,FLANGE-ONE PIEC,CP-003,straight
C-0407,ELBOW-HYDRAULIC,CP-008,elbow
C-0408,TEE-HYDRAULIC,OTHER,other
C-0409,CONNECTOR-SWIVEL,CP-014,threaded
C-0410,CONNECTOR-SWIVEL,CP-014,threaded
C-0411,CONNECTOR-WELD,CP-018,boss
C-0412,BOSS,OTHER,other
C-0413,CONNECTOR,CP-014,threaded
C-0414,CONNECTOR,CP-014,threaded
C-0415,CONNECTOR,CP-014,threaded
C-0416,PLATE,OTHER,other
C-0417,COUPLING AS,CP-014,threaded
C-0418,CONNECTOR,CP-014,threaded
C-0419,COUPLING AS,CP-014,threaded
C-0420,CONNECTOR,CP-014,threaded
C-0421,ELBOW-O-RING,CP-015,threaded
C-0422,WASHER-FUEL LIN,OTHER,other
C-0423,FLANGE,CP-004,straight
C-0424,NUT-WELD,OTHER,other
C-0425,BOSS,CP-018,boss
C-0426,BOSS,CP-018,boss
C-0427,SEAL-O RING,OTHER,other
C-0428,CONNECTOR,CP-028,adaptor
C-0429,ELBOW,OTHER,other
C-0430,WASHER,OTHER,other
C-0431,ELBOW,OTHER,other
C-0432,BOSS,CP-018,boss
C-0433,FITTING,OTHER,other
C-0434,FLANGE,CP-004,straight
C-0435,TUBE AS-SUPPLY,OTHER,other
C-0436,TUBE AS-SUPPLY,OTHER,other
C-0437,TUBE AS-O SUPPL,OTHER,other
C-0438,NUT-F INJ LINE,OTHER,other
C-0439,ADAPTER-O LINE,OTHER,other
C-0440,ADAPTER,OTHER,other
C-0441,ADAPTER-O LINE,OTHER,other
C-0442,ADAPTER-O DRAIN,OTHER,other
C-0443,NUT-FLARED,CP-028,adaptor
C-0444,NUT-FLARED,CP-026,nut
C-0445,SLEEVE-ORFS,CP-024,sleeve
C-0446,ADAPTER-DRAIN,OTHER,other
C-0447,ADAPTER-SUPPLY,CP-010,elbow
C-0448,NUT-FLARED,CP-026,nut
C-0449,SLEEVE-FLARED,CP-024,sleeve
C-0450,FLANGE-ONE PIEC,CP-002,straight
C-0451,FLANGE-ONE PIEC,CP-002,straight
C-0452,FLANGE-ONE PIEC,CP-002,straight
C-0453,FLANGE-ONE PIEC,CP-002,straight
C-0454,FLANGE-CAPTIVE,CP-022,float
C-0455,FLANGE-CAPTIVE,CP-022,float
C-0456,HEAD-FLANGED,CP-007,straight
C-0457,HEAD-FLANGED,CP-007,straight
C-0458,HEAD-FLANGE,CP-007,straight
C-0459,HEAD-FLANGED,CP-007,straight
C-0460,HEAD-FLANGED,CP-007,straight
C-0461,HEAD-FLANGED,CP-007,straight
C-0462,HEAD-FLANGED,CP-007,straight
C-0463,HEAD-FLANGED,CP-007,straight
C-0464,ELBOW-HYDRAULIC,CP-011,elbow
C-0465,FLANGE-ONE PIEC,CP-002,straight
C-0466,FLANGE-ONE PIEC,CP-002,straight
C-0467,CLAMP,OTHER,other
C-0468,FLANGE,CP-004,straight
C-0469,COLLAR-O-RING,OTHER,other
C-0470,BLOCK,OTHER,other
C-0471,FLANGE,CP-004,straight
C-0472,BLOCK,OTHER,other
C-0473,PLATE,OTHER,other
C-0474,BOSS,CP-018,boss
C-0475,BOSS,CP-018,boss
C-0476,ADAPTER,OTHER,other
C-0477,HASP-OIL FILLER,OTHER,other
C-0478,NUT-INJ F V,OTHER,other
C-0479,FLANGE,CP-004,straight
C-0480,FLANGE-O SUPPLY,CP-004,straight
C-0481,ADAPTER-O DRAIN,OTHER,other
C-0482,TUBE AS,OTHER,other
C-0483,BOSS,CP-018,boss
C-0484,TUBE-TURBO OIL,OTHER,other
C-0485,HEAD-FLANGED,CP-006,straight
C-0486,COUPLET,CP-018,boss
C-0487,TEE-BRAZE,CP-016,threaded
C-0488,TEE-BRAZE,CP-016,threaded
C-0489,PLATE,OTHER,other
C-0490,RING-RETAINING,OTHER,other
C-0491,ADAPTER,OTHER,other
C-0492,HEAD-O-RING,CP-006,straight
C-0493,BOSS,CP-018,boss
C-0494,FLANGE,CP-022,float
C-0495,SADDLE,CP-018,boss
C-0496,FLANGE,CP-022,float
C-0497,BOSS,CP-018,boss
C-0498,HEAD,CP-006,straight
C-0499,SADDLE,CP-018,boss
C-0500,FLANGE,CP-006,straight
C-0501,ELBOW,CP-008,elbow
C-0502,CONNECTOR,CP-018,boss
C-0503,CONNECTOR,CP-014,threaded
C-0504,BOSS,OTHER,other
C-0505,ADAPTER,OTHER,other
C-0506,BOSS,CP-018,boss
C-0507,SCREEN AS.,OTHER,other
C-0508,FLANGE,CP-021,float
C-0509,FLANGE,CP-004,straight
C-0510,FLANGE,CP-004,straight
C-0511,ADAPTER,OTHER,other
C-0512,ANGLE AS,OTHER,other
C-0513,BLOCK,CP-019,boss
C-0514,PLATE AS.,OTHER,other
C-0515,PLATE,OTHER,other
C-0516,ELBOW,CP-009,elbow
C-0517,ADAPTER,OTHER,other
C-0518,CONNECTOR,CP-014,threaded
C-0519,PLATE,OTHER,other
C-0520,BOSS,CP-018,boss
C-0521,ELBOW,CP-015,threaded
C-0522,HOUSING-BELL,OTHER,other
C-0523,TUBE AS.,OTHER,other
C-0524,FLANGE-ONE PIECE,OTHER,other
C-0525,FLANGE,OTHER,other
C-0526,ELBOW,CP-010,elbow
C-0527,TUBE,OTHER,other
C-0528,RETAINER,OTHER,other
C-0529,ADAPTER-EXH PIP,OTHER,other
C-0530,PLATE,OTHER,other
C-0531,BLOCK,OTHER,other
C-0532,FLANGE,CP-006,straight
C-0533,COUPLING,CP-018,boss
C-0534,BOSS,CP-018,boss
C-0535,TUBE,OTHER,other
C-0536,SCREEN,OTHER,other
C-0537,FLANGE,CP-010,elbow
C-0538,FLANGE,CP-004,straight
C-0539,BOSS,CP-018,boss
C-0540,FLANGE-LOWER,OTHER,other
C-0541,FLANGE,OTHER,other
C-0542,PLATE,OTHER,other
C-0543,FLANGE,CP-006,straight
C-0544,CONNECTOR,CP-018,boss
C-0545,COUPLING AS,CP-014,threaded
C-0546,FLANGE,CP-001,straight
C-0547,CONNECTOR-WELD,CP-018,boss
C-0548,CONNECTOR-WELD,CP-018,boss
C-0549,CONNECTOR-WELD,CP-018,boss
C-0550,CONNECTOR-SEAL,CP-014,threaded
C-0551,FLANGE-BRAZE,CP-003,straight
C-0552,FLANGE,OTHER,other
C-0553,BLOCK,OTHER,other
C-0554,FLANGE,CP-003,straight
C-0555,FLANGE,CP-019,boss
C-0556,CONNECTOR,CP-018,boss
C-0557,PLATE,OTHER,other
C-0558,COVER,OTHER,other
C-0559,BRACKET,OTHER,other
C-0560,TUBE,OTHER,other
C-0561,FLANGE,OTHER,other
C-0562,FLANGE,OTHER,other
C-0563,PLATE,OTHER,other
C-0564,TUBE,OTHER,other
C-0565,ELBOW-WELD,CP-009,elbow
C-0566,ELBOW-HYDRAULIC,CP-011,elbow
C-0567,ELBOW-HYDRAULIC,CP-011,elbow
C-0568,FLANGE-ONE PIECE,CP-002,straight
C-0569,BOSS,CP-018,boss
C-0570,RING,OTHER,other
C-0571,PIPE,OTHER,other
C-0572,FLANGE-LOOSE,CP-022,float
C-0573,HEAD-FLAT FACE,CP-006,straight
C-0574,BLOCK,OTHER,other
C-0575,BOSS,CP-018,boss
C-0576,CLEAT,OTHER,other
C-0577,NUT-ORFS,OTHER,other
C-0578,NUT-ORFS,OTHER,other
C-0579,NUT-ORFS,CP-025,nut
C-0580,NUT-ORFS,CP-025,nut
C-0581,NUT-ORFS,OTHER,other
C-0582,NUT-ORFS,OTHER,other
C-0583,SLEEVE-REDUCING,OTHER,other
C-0584,ELBOW-WELD,CP-015,threaded
C-0585,ELBOW,CP-008,elbow
C-0586,TUBE AS,OTHER,other
C-0587,TUBE AS.,OTHER,other
C-0588,PLATE,OTHER,other
C-0589,CONNECTOR,OTHER,other
C-0590,FLANGE-CAPTIVE,OTHER,other
C-0591,HEAD-FLANGED,CP-006,straight
C-0592,TUBE,OTHER,other
C-0593,FLANGE,OTHER,other
C-0594,FLANGE,OTHER,other
C-0595,TUBE,OTHER,other
C-0596,CONNECTOR,CP-014,threaded
C-0597,FLANGE,OTHER,other
C-0598,ELBOW,CP-010,elbow
C-0599,FLANGE-ONE PIEC,CP-003,straight
C-0600,TEE-BULKHEAD,CP-016,threaded
C-0601,FLANGE,CP-003,straight
C-0602,FLANGE-ONE PIEC,CP-002,straight
C-0603,HEAD-FLANGED,OTHER,other
C-0604,BRACKET,OTHER,other
C-0605,TEE-ORFS,CP-017,threaded
C-0606,PLATE,CP-004,straight
C-0607,TEE,CP-016,threaded
C-0608,ELBOW-HYDRAULIC,CP-008,elbow
C-0609,FLANGE,OTHER,other
C-0610,TUBE,OTHER,other
C-0611,TUBE,OTHER,other
C-0612,BLOCK,CP-003,straight
C-0613,ELBOW-HYDRAULIC,OTHER,other
C-0614,HEAD-FLANGED,OTHER,other
C-0615,ELBOW,CP-008,elbow
C-0616,ELBOW,CP-008,elbow
C-0617,FLANGE,OTHER,other
C-0618,FLANGE,CP-003,straight
C-0619,FLANGE,CP-002,straight
C-0620,BOSS,OTHER,other
C-0621,HEAD-FLANGE,CP-007,straight
C-0622,HEAD-FLANGED,CP-006,straight
C-0623,ADAPTER-WELD,CP-018,boss
C-0624,CONNECTOR-ORFS,CP-018,boss
C-0625,MANIFOLD,CP-008,elbow
C-0626,FLANGE,OTHER,other
C-0627,ADAPTER,OTHER,other
C-0628,HEAD O-RING,CP-006,straight
C-0629,TUBE,OTHER,other
C-0630,TUBE,OTHER,other
C-0631,BLOCK,OTHER,other
C-0632,FLANGE,CP-003,straight
C-0633,PLATE,OTHER,other
C-0634,TUBE,OTHER,other
C-0635,TUBE,OTHER,other
C-0636,ADAPTER,OTHER,other
C-0637,FLANGE,OTHER,other
C-0638,CONNECTOR,CP-014,threaded
C-0639,FLANGE,OTHER,other
C-0640,FLANGE,OTHER,other
C-0641,FLANGE,CP-019,boss
C-0642,FLANGE,OTHER,other
C-0643,FLANGE,CP-019,boss
C-0644,RING,OTHER,other
C-0645,ADAPTER,OTHER,other
C-0646,ELBOW-HYDRAULIC,CP-008,elbow
C-0647,TUBE AS-DRAIN,OTHER,other
C-0648,FLANGE,OTHER,other
C-0649,FLANGE,OTHER,other
C-0650,FLANGE,OTHER,other
C-0651,FITTING,CP-014,threaded
C-0652,FLANGE-WELD,CP-003,straight
C-0653,HEAD-O-RING,CP-006,straight
C-0654,ELBOW,OTHER,other
C-0655,FLANGE,OTHER,other
C-0656,FLANGE,OTHER,other
C-0657,PLATE,OTHER,other
C-0658,PLATE,OTHER,other
C-0659,PLATE,OTHER,other
C-0660,TUBE,OTHER,other
C-0661,STRAP,OTHER,other
C-0662,PLATE,OTHER,other
C-0663,TUBE,OTHER,other
C-0664,TUBE,OTHER,other
C-0665,TUBE,OTHER,other
C-0666,TUBE,OTHER,other
C-0667,CONNECTOR-WELD,OTHER,other
C-0668,PLATE,OTHER,other
C-0669,PLATE,OTHER,other
C-0670,TUBE,OTHER,other
C-0671,TUBE,OTHER,other
C-0672,ADAPTER,OTHER,other
C-0673,ADAPTER,OTHER,other
C-0674,FLANGE,OTHER,other
C-0675,FLANGE,OTHER,other
C-0676,FLANGE,OTHER,other
C-0677,FLANGE,OTHER,other
C-0678,BOSS,CP-018,boss
C-0679,FLANGE-4 BOLT,CP-003,straight
C-0680,ELBOW,OTHER,other
C-0681,FLANGE,OTHER,other
C-0682,ELBOW,OTHER,other
C-0683,CONNECTOR-ORFS,CP-014,threaded
C-0684,BUSHING,OTHER,other
C-0685,CAP AS,OTHER,other
C-0686,TUBE AS.,OTHER,other
C-0687,BLOCK,OTHER,other
C-0688,ELBOW,CP-009,elbow
C-0689,FLANGE-ONE PIEC,OTHER,other
C-0690,TUBE,OTHER,other
C-0691,TUBE,OTHER,other
C-0692,TUBE,OTHER,other
C-0693,TUBE,OTHER,other
C-0694,TUBE,OTHER,other
C-0695,BLOCK,OTHER,other
C-0696,"COUPLING (1""BSP)",OTHER,other
C-0697,CONNECTOR-BRAZE,CP-018,boss
C-0698,FLANGE-ONE PIEC,CP-004,straight
C-0699,BOSS,CP-018,boss
C-0700,ADAPTER,CP-018,boss
C-0701,ADAPTER,CP-018,boss
C-0702,CONNECTOR-BULKH,CP-014,threaded
C-0703,HEAD-FLANGED,CP-006,straight
C-0704,TUBE,OTHER,other
C-0705,TUBE,OTHER,other
C-0706,FLANGE,OTHER,other
C-0707,FLANGE,OTHER,other
C-0708,FLANGE,OTHER,other
C-0709,HEAD-O-RING SEAL,CP-006,straight
C-0710,FLANGE,OTHER,other
C-0711,PLATE,OTHER,other
C-0712,PLATE,OTHER,other
C-0713,ORIFICE,OTHER,other
C-0714,TUBE,OTHER,other
C-0715,ADAPTER - GAGE,OTHER,other
C-0716,ADAPTER RING,OTHER,other
C-0717,FLANGE,OTHER,other
C-0718,CONNECTOR-WELD,OTHER,other
C-0719,FLANGE AS.,OTHER,other
C-0720,BOSS,CP-027,nut
C-0721,TUBE,OTHER,other
C-0722,PLATE,CP-003,straight
C-0723,BOSS,CP-018,boss
C-0724,TUBE-BULK,OTHER,other
C-0725,BAR,OTHER,other
C-0726,TUBE,OTHER,other
C-0727,FLANGE,OTHER,other
C-0728,ELBOW,OTHER,other
C-0729,ELBOW,OTHER,other
C-0730,TUBE,OTHER,other
C-0731,BLOCK,OTHER,other
C-0732,FLANGE,CP-004,straight
C-0733,ELBOW-HYDRAULIC,OTHER,other
C-0734,FLANGE,CP-003,straight
C-0735,CAP,OTHER,other
C-0736,PLATE,OTHER,other
C-0737,FLANGE,CP-003,straight
C-0738,BRACKET,OTHER,other
C-0739,FLANGE,CP-004,straight
C-0740,CONNECTOR,CP-014,threaded
C-0741,HEAD-FLANGED,CP-006,straight
C-0742,ORIFICE,OTHER,other
C-0743,ORIFICE,OTHER,other
C-0744,ORIFICE,OTHER,other
C-0745,ORIFICE,OTHER,other
C-0746,BRACKET,OTHER,other
C-0747,HEAD-FLANGE,CP-006,straight
C-0748,HEAD-FLANGE,CP-006,straight
C-0749,NUT-ORFS,OTHER,other
C-0750,FLANGE,CP-004,straight
C-0751,FLANGE,OTHER,other
C-0752,FLANGE,OTHER,other
C-0753,TUBE,OTHER,other
C-0754,BOSS,OTHER,other
C-0755,BOSS,CP-018,boss
C-0756,TUBE,OTHER,other
C-0757,ELBOW,OTHER,other
C-0758,TUBE-BAFFLE,OTHER,other
C-0759,ADAPTER,OTHER,other
C-0760,SLEEVE-ORFS,OTHER,other
C-0761,FLANGE,CP-003,straight
C-0762,FLANGE,OTHER,other
C-0763,BLOCK,OTHER,other
C-0764,COVER,OTHER,other
C-0765,ADAPTER,OTHER,other
C-0766,TUBE,OTHER,other
C-0767,CONNECTOR,OTHER,other
C-0768,TEE,CP-016,threaded
C-0769,ELBOW-90°,CP-015,threaded
C-0770,BLOCK,CP-020,boss
C-0771,FLANGE,OTHER,other
C-0772,FLANGE,OTHER,other
C-0773,BLOCK,OTHER,other
C-0774,ADAPTER,OTHER,other
C-0775,CONNECTOR,CP-014,threaded
C-0776,PLATE,OTHER,other
C-0777,FLANGE,OTHER,other
C-0778,FLANGE,CP-004,straight
C-0779,FLANGE,OTHER,other
C-0780,BLOCK,CP-020,boss
C-0781,FLANGE,OTHER,other
C-0782,FLANGE,CP-001,straight
C-0783,FLANGE,OTHER,other
C-0784,ADAPTER,OTHER,other
C-0785,PLATE,OTHER,other
C-0786,TUBE,OTHER,other
C-0787,FLANGE,CP-004,straight
C-0788,TUBE AS,OTHER,other
C-0789,ELBOW,CP-010,elbow
C-0790,FLANGE,OTHER,other
C-0791,CONNECTOR-WELD,CP-018,boss
C-0792,FLANGE,CP-003,straight
C-0793,FLANGE,CP-019,boss
C-0794,ELBOW-HYDRAULIC,OTHER,other
C-0795,FLANGE,OTHER,other
C-0796,BLOCK,CP-020,boss
C-0797,FLANGE,CP-021,float
C-0798,TUBE,OTHER,other
C-0799,FLANGE,CP-003,straight
C-0800,ADAPTER-OIL (GA,OTHER,other
C-0801,ELBOW-AIR (CRS),OTHER,other
C-0802,ELBOW,CP-008,elbow
C-0803,ADAPTER,OTHER,other
C-0804,FLANGE,CP-019,boss
C-0805,TEE-BULKHEAD,CP-016,threaded
C-0806,TEE,CP-016,threaded
C-0807,TEE,CP-016,threaded
C-0808,FLANGE-ONE PIEC,CP-002,straight
C-0809,CLEAT,OTHER,other
C-0810,BLOCK,OTHER,other
C-0811,BRACKET AS.,OTHER,other
C-0812,PLATE,OTHER,other
C-0813,WASHER,OTHER,other
C-0814,CLAMP-INJ LINE,OTHER,other
C-0815,CLAMP-INJ LINE,OTHER,other
C-0816,BOSS,CP-018,boss
C-0817,BOSS,CP-018,boss
C-0818,SPACER,OTHER,other
C-0819,FLANGE,CP-004,straight
C-0820,ELBOW,CP-008,elbow
C-0821,ELBOW,CP-008,elbow
C-0822,ELBOW,CP-008,elbow
C-0823,NUT-INV FLARED,CP-028,adaptor
C-0824,CAP-A/C,OTHER,other
C-0825,ADAPTER,OTHER,other
C-0826,ELBOW-FLARED,CP-015,threaded
C-0827,BOSS,CP-027,nut
C-0828,HASP-OIL FILLER,OTHER,other
C-0829,HEAD-FLANGED,CP-007,straight
C-0830,SLEEVE-FITTING,CP-024,sleeve
C-0831,NUT,CP-026,nut
C-0832,CONNECTOR-FLARED,CP-014,threaded
C-0833,CONNECTOR-FLARE,CP-014,threaded
C-0834,FLANGE,OTHER,other
C-0835,TUBE,OTHER,other
C-0836,FLANGE,CP-004,straight
C-0837,BOSS,CP-018,boss
C-0838,PLATE BLANK,OTHER,other
C-0839,ELBOW,CP-008,elbow
C-0840,FLANGE,CP-003,straight
C-0841,TUBE AS,OTHER,other
C-0842,TUBE AS,OTHER,other
C-0843,ORIFICE,OTHER,other
C-0844,PLATE,OTHER,other
C-0845,TUBE,OTHER,other
C-0846,FLANGE,CP-004,straight
C-0847,TUBE AS,OTHER,other
C-0848,FLANGE,OTHER,other
C-0849,CAP AS-O FILLER,OTHER,other
C-0850,FLANGE,CP-004,straight
C-0851,ELBOW,OTHER,other
C-0852,FLANGE,OTHER,other
C-0853,GUSSET,OTHER,other
C-0854,BOSS,CP-018,boss
C-0855,SLEEVE-CRIMP,OTHER,other
C-0856,PLATE,OTHER,other
C-0857,ROD,OTHER,other
C-0858,TUBE,OTHER,other
C-0859,FLANGE,OTHER,other
C-0860,NIPPLE AS.-90,OTHER,other
C-0861,NOZZLE,OTHER,other
C-0862,ORIFICE,OTHER,other
C-0863,FLANGE,OTHER,other
C-0864,NIPPLE AS.-45,OTHER,other
C-0865,NIPPLE AS.-90,OTHER,other
C-0866,NIPPLE AS.-90,OTHER,other
C-0867,NIPPLE AS.-45,OTHER,other
C-0868,NIPPLE AS.-45,OTHER,other
C-0869,FLANGE,CP-019,boss
C-0870,TUBE,OTHER,other
C-0871,ADAPTER,OTHER,other
C-0872,NIPPLE-BRAZE,CP-023,hfl
C-0873,NIPPLE-BRAZE,CP-023,hfl
C-0874,NIPPLE-BRAZE,CP-023,hfl
C-0875,FLANGE,CP-004,straight
C-0876,FLANGE,OTHER,other
C-0877,NUT-SWIVEL,OTHER,other
C-0878,NIPPLE AS.-77,OTHER,other
C-0879,BRACKET,OTHER,other
C-0880,FLANGE,CP-002,straight
C-0881,FLANGE,CP-002,straight
C-0882,ELBOW-SWIVEL,CP-015,threaded
C-0883,PLATE AS.,OTHER,other
C-0884,SOCKET,OTHER,other
C-0885,TUBE AS,OTHER,other
C-0886,TUBE AS,OTHER,other
C-0887,TUBE AS,OTHER,other
C-0888,TUBE AS,OTHER,other
C-0889,SOCKET,OTHER,other
C-0890,BOSS,OTHER,other
C-0891,FLANGE,CP-021,float
C-0892,CLEAT,OTHER,other
C-0893,BOSS,CP-018,boss
C-0894,FLANGE,CP-004,straight
C-0895,ELBOW-45° ORFS,CP-015,threaded
C-0896,COUPLING-PIPE,OTHER,other
C-0897,COUPLING,OTHER,other
C-0898,PLATE,OTHER,other
C-0899,BLOCK,CP-020,boss
C-0900,CONNECTOR-BRAZE,CP-014,threaded
C-0901,NUT-37° FLARED,OTHER,other
C-0902,FLANGE,OTHER,other
C-0903,BRACKET,OTHER,other
C-0904,FLANGE,OTHER,other
C-0905,ELBOW,CP-008,elbow
C-0906,ADAPTER,OTHER,other
C-0907,FITTING,OTHER,other
C-0908,PLATE,OTHER,other
C-0909,PLATE,OTHER,other
C-0910,ELBOW,CP-009,elbow
C-0911,CONNECTOR,CP-014,threaded
C-0912,ELBOW-90 DEG,CP-015,threaded
C-0913,BLOCK CONNECTIO,OTHER,other
C-0914,BLOCK CONNECTIO,OTHER,other
C-0915,PIN,OTHER,other
C-0916,MANIFOLD,OTHER,other
C-0917,FLANGE-HEAD,CP-006,straight
C-0918,PLATE AS.,OTHER,other
C-0919,REQUIREMENTS,OTHER,other
C-0920,BOSS,CP-018,boss
C-0921,BOSS,OTHER,other
C-0922,CAP-ORIFICE,OTHER,other
C-0923,HEAD-ADAPTER,OTHER,other
C-0924,HEAD-ADAPTER,OTHER,other
C-0925,STUD,OTHER,other
C-0926,FLANGE,OTHER,other
C-0927,FLANGE-WELD,CP-001,straight
C-0928,BRACKET,OTHER,other
C-0929,PLATE,OTHER,other
C-0930,BOSS,CP-018,boss
C-0931,ELBOW,CP-008,elbow
C-0932,SLEEVE,OTHER,other
C-0933,PLATE,OTHER,other
C-0934,PLATE,OTHER,other
C-0935,NUT-A/C,OTHER,other
C-0936,HEAD-ADAPTER,OTHER,other
C-0937,BLOCK CONNECTION,OTHER,other
C-0938,ADAPTER,CP-014,threaded
C-0939,FLANGE,OTHER,other
C-0940,FLANGE,CP-003,straight
C-0941,FLANGE,CP-001,straight
C-0942,FLANGE,CP-003,straight
C-0943,FLANGE,CP-008,elbow
C-0944,FLANGE,CP-001,straight
C-0945,ADAPTER,CP-014,threaded
C-0946,FLANGE,CP-001,straight
C-0947,ADAPTER,CP-014,threaded
C-0948,ADAPTER,CP-014,threaded
C-0949,ADAPTER,CP-014,threaded
C-0950,ADAPTER,OTHER,other
C-0951,ADAPTER,OTHER,other
C-0952,ADAPTER,OTHER,other
C-0953,ADAPTER,OTHER,other
C-0954,FLANGE,OTHER,other
C-0955,ELBOW-HYDRAULIC,OTHER,other
C-0956,FLANGE,CP-008,elbow
C-0957,ADAPTER,OTHER,other
C-0958,ADAPTER,OTHER,other
C-0959,FLANGE,CP-001,straight
C-0960,FLANGE,CP-003,straight
C-0961,FLANGE,CP-003,straight
C-0962,FLANGE,OTHER,other
C-0963,FLANGE,CP-008,elbow
C-0964,ADAPTER,OTHER,other
C-0965,BOSS,CP-018,boss
C-0966,FLANGE,CP-004,straight
C-0967,BRACKET,OTHER,other
C-0968,TUBE,OTHER,other
C-0969,TUBE,OTHER,other
C-0970,FLANGE-4 BOLT,CP-001,straight
C-0971,TEE-ORFS,CP-016,threaded
C-0972,FLANGE-TIG,CP-009,elbow
C-0973,FLANGE-HEAD,CP-006,straight
C-0974,ELBOW-90,CP-015,threaded
C-0975,FLANGE,OTHER,other
C-0976,FLANGE-SPECIAL,CP-001,straight
C-0977,FLANGE,CP-004,straight
C-0978,FLANGE-ONE PIECE,CP-003,straight
C-0979,ADAPTER,OTHER,other
C-0980,TUBE,OTHER,other
C-0981,PLATE,OTHER,other
C-0982,ELBOW,OTHER,other
C-0983,TUBE AS,OTHER,other
C-0984,TUBE AS,OTHER,other
C-0985,TUBE-WATER,OTHER,other
C-0986,PLATE,OTHER,other
C-0987,ELBOW,OTHER,other
C-0988,FLANGE,OTHER,other
C-0989,BLOCK,OTHER,other
C-0990,BLOCK AS,OTHER,other
C-0991,PLATE-OUTER,OTHER,other
C-0992,BLOCK,OTHER,other
C-0993,FLANGE,OTHER,other
C-0994,FLANGE-ONE-PIEC,CP-003,straight
C-0995,BLOCK,OTHER,other
C-0996,FLANGE,OTHER,other
C-0997,FILLER AS,OTHER,other
C-0998,BLOCK,OTHER,other
C-0999,ELBOW-HYDRAULIC,CP-008,elbow
C-1000,ELBOW-90 DEG,OTHER,other
C-1001,TEE,OTHER,other
C-1002,PLATE,OTHER,other
C-1003,TUBE AS,OTHER,other
C-1004,ELBOW,CP-010,elbow
C-1005,FLANGE-ONE PIEC,CP-002,straight
C-1006,ELBOW-HYDRAULIC,CP-011,elbow
C-1007,TUBE,OTHER,other
C-1008,ELBOW-CAST,OTHER,other
C-1009,FLANGE,OTHER,other
C-1010,FLANGE,OTHER,other
C-1011,TUBE,OTHER,other
C-1012,POST,OTHER,other
C-1013,FITTING-FLANGE,OTHER,other
C-1014,FLANGE-ONE PIEC,CP-004,straight
C-1015,TUBE,OTHER,other
C-1016,TUBE,OTHER,other
C-1017,CONNECTOR-WELD,OTHER,other
C-1018,CONNECTOR-WELD,OTHER,other
C-1019,VALVE BODY,OTHER,other
C-1020,FLANGE,OTHER,other
C-1021,COUPLING AS,OTHER,other
C-1022,SPACER,OTHER,other
C-1023,BRACKET,OTHER,other
C-1024,ELBOW,CP-009,elbow
C-1025,TUBE,OTHER,other
C-1026,BRACKET,OTHER,other
C-1027,FILLER,OTHER,other
C-1028,TUBE,OTHER,other
C-1029,BOSS,CP-018,boss
C-1030,FLANGE,OTHER,other
C-1031,GUSSET,OTHER,other
C-1032,RING,OTHER,other
C-1033,RING,OTHER,other
C-1034,ELBOW-HYDRAULIC,OTHER,other
C-1035,SLEEVE-REDUCER,CP-024,sleeve
C-1036,FLANGE,OTHER,other
C-1037,FITTING,OTHER,other
C-1038,PLATE,OTHER,other
C-1039,STEM-BRAZED,CP-023,hfl
C-1040,SHELL,OTHER,other
C-1041,STEM-BRAZED,CP-023,hfl
C-1042,SHELL,OTHER,other
C-1043,STEM-BRAZED,CP-023,hfl
C-1044,SHELL,OTHER,other
C-1045,CONNECTOR-WELD,CP-018,boss
C-1046,TEE-HYDRAULIC,OTHER,other
C-1047,CONNECTOR-WELD,OTHER,other
C-1048,CONNECTOR-WELD,OTHER,other
C-1049,BRACKET,OTHER,other
C-1050,BLOCK,OTHER,other
C-1051,TUBE,OTHER,other
C-1052,TUBE,OTHER,other
C-1053,TUBE,OTHER,other
C-1054,TUBE,OTHER,other
C-1055,PLATE,OTHER,other
C-1056,TUBE AS,OTHER,other
C-1057,PIPE,OTHER,other
C-1058,SLEEVE-ORFS,OTHER,other
C-1059,NUT-ORFS,CP-025,nut
C-1060,PLATE,OTHER,other
C-1061,ADAPTER-PIPE,OTHER,other
C-1062,FLANGE,OTHER,other
C-1063,PLATE,OTHER,other
C-1064,TUBE,OTHER,other
C-1065,BOSS,CP-019,boss
C-1066,FLANGE,CP-004,straight
C-1067,CONNECTOR,CP-014,threaded
C-1068,PLATE,OTHER,other
C-1069,BLOCK,CP-008,elbow
C-1070,TUBE,OTHER,other
C-1071,FLANGE,CP-004,straight
C-1072,ELBOW-90 DEG,CP-015,threaded
C-1073,PLATE,OTHER,other
C-1074,CONNECTOR-BRAZED,CP-024,sleeve
C-1075,PLATE,OTHER,other
C-1076,ELBOW-HYDRAULIC,OTHER,other
C-1077,PLATE,OTHER,other
C-1078,ADAPTER-STR,CP-014,threaded
C-1079,PLATE AS,OTHER,other
C-1080,ADAPTER-PIPE,OTHER,other
C-1081,BOSS,OTHER,other
C-1082,BELLOW AS,OTHER,other
C-1083,BELLOW AS,OTHER,other
C-1084,TUBE,OTHER,other
C-1085,FITTING-BRAZE,OTHER,other
C-1086,ELBOW,OTHER,other
C-1087,TUBE,OTHER,other
C-1088,TUBE,OTHER,other
C-1089,BOSS,CP-018,boss
C-1090,CONNECTOR-WELD,OTHER,other
C-1091,CONNECTOR-WELD,OTHER,other
C-1092,CONNECTOR-WELD,OTHER,other
C-1093,BRACKET,OTHER,other
C-1094,FLANGE,OTHER,other
C-1095,ELBOW,OTHER,other
C-1096,FLANGE,CP-022,float
C-1097,FLANGE,OTHER,other
C-1098,BOSS,OTHER,other
C-1099,ADAPTER,OTHER,other
C-1100,BOSS-SADDLE,OTHER,other
C-1101,BOSS-SADDLE,OTHER,other
C-1102,FLANGE,CP-022,float
C-1103,COVER,OTHER,other
C-1104,SCREEN,OTHER,other
C-1105,SHROUD,OTHER,other
C-1106,FLANGE,OTHER,other
C-1107,FLANGE,OTHER,other
C-1108,TUBE,OTHER,other
C-1109,FLANGE,OTHER,other
C-1110,BOSS-SADDLE,OTHER,other
C-1111,BOSS,OTHER,other
C-1112,BOSS,OTHER,other
C-1113,HEAD-FLANGED,CP-006,straight
C-1114,HOSE,OTHER,other
C-1115,FLANGE,CP-003,straight
C-1116,BOSS,OTHER,other
C-1117,BOSS,CP-018,boss
C-1118,PLATE,OTHER,other
C-1119,FLANGE,OTHER,other
C-1120,FLANGE,OTHER,other
C-1121,FLANGE,OTHER,other
C-1122,TUBE,OTHER,other
C-1123,BOSS-SADDLE,CP-018,boss
C-1124,BOSS-SADDLE,CP-018,boss
C-1125,TUBE,OTHER,other
C-1126,FLANGE,OTHER,other
C-1127,BOSS-SADDLE,CP-018,boss
C-1128,TUBE AS-COUPLING,OTHER,other
C-1129,PLATE,OTHER,other
C-1130,BOSS,OTHER,other
C-1131,TUBE,OTHER,other
C-1132,PLATE,OTHER,other
C-1133,ADAPTER,OTHER,other
C-1134,TUBE,OTHER,other
C-1135,FLANGE,CP-021,float
C-1136,CONNECTOR-SEAL,OTHER,other
C-1137,ADAPTER AS,OTHER,other
C-1138,ADAPTER,OTHER,other
C-1139,BOSS,OTHER,other
C-1140,BOSS,OTHER,other
C-1141,ADAPTER-PIPE,OTHER,other
C-1142,FLANGE,OTHER,other
C-1143,BOSS,OTHER,other
C-1144,BOSS,OTHER,other
C-1145,HEAD-FLANGED,CP-006,straight
C-1146,CAP AS,OTHER,other
C-1147,PLATE,OTHER,other
C-1148,ADAPTER,OTHER,other
C-1149,FLANGE-ONE PIECE,CP-021,float
C-1150,PLATE,OTHER,other
C-1151,PLATE,OTHER,other
C-1152,ADAPTER,OTHER,other
C-1153,PLATE,OTHER,other
C-1154,FLANGE,OTHER,other
C-1155,FLANGE,OTHER,other
C-1156,FLANGE,OTHER,other
C-1157,FLANGE,OTHER,other
C-1158,PLATE,OTHER,other
C-1159,BOSS,OTHER,other
C-1160,FLANGE,OTHER,other
C-1161,BOSS,OTHER,other
C-1162,BRACKET,OTHER,other
C-1163,BRACKET,OTHER,other
C-1164,TUBE,OTHER,other
C-1165,TUBE,OTHER,other
C-1166,CONNECTOR,OTHER,other
C-1167,BOSS,OTHER,other
C-1168,FLANGE,OTHER,other
C-1169,BRACKET,OTHER,other
C-1170,BOSS-SADDLE,OTHER,other
C-1171,BOSS-SADDLE,CP-018,boss
C-1172,FLANGE,OTHER,other
C-1173,BRACKET,OTHER,other
C-1174,FLANGE,OTHER,other
C-1175,FLANGE,OTHER,other
C-1176,FLANGE,OTHER,other
C-1177,FLANGE,OTHER,other
C-1178,FLANGE,OTHER,other
C-1179,FLANGE,OTHER,other
C-1180,FLANGE,OTHER,other
C-1181,CONNECTOR,OTHER,other
C-1182,TUBE AS,OTHER,other
C-1183,FLANGE,OTHER,other
C-1184,FLANGE,OTHER,other
C-1185,FLANGE,OTHER,other
C-1186,BOSS,OTHER,other
C-1187,FLANGE,OTHER,other
C-1188,FLANGE,OTHER,other
C-1189,CONNECTOR,OTHER,other
C-1190,ADAPTER,OTHER,other
C-1191,FLANGE,OTHER,other
C-1192,TUBE (BULK),OTHER,other
C-1193,TUBE,OTHER,other
C-1194,COUPLING-PIPE,CP-028,adaptor
C-1195,COUPLING-PIPE,CP-028,adaptor
C-1196,COUPLING-PIPE,CP-028,adaptor
C-1197,COUPLING-PIPE,CP-028,adaptor
C-1198,COUPLING-PIPE,CP-028,adaptor
C-1199,FITTING-TUBE,CP-026,nut
C-1200,NUT-45 (DEG),CP-026,nut
C-1201,NUT-45 (DEG),OTHER,other
C-1202,NUT-45 (DEG),CP-026,nut
C-1203,FLANGE,CP-003,straight
C-1204,FITTING-FILLER,OTHER,other
C-1205,NUT-FITTING,OTHER,other
C-1206,SLEEVE-FITTING,OTHER,other
C-1207,HEAD-FLANGED,CP-007,straight
C-1208,ELBOW,CP-008,elbow
C-1209,ELBOW-90 DEG,CP-015,threaded
C-1210,FLANGE-ONE PIEC,CP-002,straight
C-1211,CONNECTOR,OTHER,other
C-1212,FLANGE-ONE PIEC,CP-002,straight
C-1213,CAP-A/C,OTHER,other
C-1214,CAP-A/C,OTHER,other
C-1215,VALVE AS.-A/C,OTHER,other
C-1216,VALVE AS.-A/C,OTHER,other
C-1217,ADAPTER-A/C,OTHER,other
C-1218,CONNECTOR,CP-014,threaded
C-1219,ELBOW,CP-015,threaded
C-1220,TEE,OTHER,other
C-1221,ELBOW-90 DEGREE,CP-015,threaded
C-1222,WASHER,OTHER,other
C-1223,HOOK-S,OTHER,other
C-1224,FLANGE-ONE PIEC,CP-003,straight
C-1225,BOSS,CP-018,boss
C-1226,SPACER,OTHER,other
C-1227,SEAL-O-RING,OTHER,other
C-1228,SEAL-O-RING,OTHER,other
C-1229,NUT-FLARED,CP-028,adaptor
C-1230,NUT-FLARED,CP-028,adaptor
C-1231,BOSS,CP-018,boss
C-1232,LUG,OTHER,other
C-1233,BOSS,CP-018,boss
C-1234,FLANGE,CP-004,straight
C-1235,FLANGE-ONE PIEC,CP-002,straight
C-1236,FLANGE-ONE PIECE,CP-002,straight
C-1237,TEE-FLARED,OTHER,other
C-1238,ELBOW-FLARED,CP-015,threaded
C-1239,ELBOW,CP-010,elbow
C-1240,HEAD-FLANGED,OTHER,other
C-1241,BOSS,OTHER,other
C-1242,HEAD-FLANGED,CP-006,straight
C-1243,NUT,CP-026,nut
C-1244,SLEEVE,CP-024,sleeve
C-1245,FLANGE-WELD,CP-003,straight
C-1246,PLUG-ORIFICE,OTHER,other
C-1247,ELBOW,CP-010,elbow
C-1248,BLOCK,OTHER,other
C-1249,BRACKET,OTHER,other
C-1250,PLATE,OTHER,other
C-1251,FLANGE-CAPTIVE,OTHER,other
C-1252,TUBE AS,OTHER,other
C-1253,BAR,OTHER,other
C-1254,COLLAR,OTHER,other
C-1255,ELBOW,CP-008,elbow
C-1256,FITTING,CP-018,boss
C-1257,BOSS,CP-018,boss
C-1258,PLATE,OTHER,other
C-1259,BOSS,CP-018,boss
C-1260,BOSS,OTHER,other
C-1261,BOSS,OTHER,other
C-1262,FLANGE,OTHER,other
C-1263,TUBE,OTHER,other
C-1264,PLATE,OTHER,other
C-1265,FLANGE-WELD,OTHER,other
C-1266,FLANGE,OTHER,other
C-1267,BOSS,OTHER,other
C-1268,ADAPTER-STR,OTHER,other
C-1269,FLANGE,OTHER,other
C-1270,BOSS,OTHER,other
C-1271,BOSS,OTHER,other
C-1272,TUBE,OTHER,other
C-1273,BOSS,OTHER,other
C-1274,BOSS,OTHER,other
C-1275,FLANGE,OTHER,other
C-1276,FLANGE,OTHER,other
C-1277,FLANGE,OTHER,other
C-1278,FLANGE,OTHER,other
C-1279,BOSS,OTHER,other
C-1280,BOSS,OTHER,other
C-1281,FLANGE,OTHER,other
C-1282,BRACKET,OTHER,other
C-1283,FLANGE,OTHER,other
C-1284,FLANGE,OTHER,other
C-1285,FLANGE,OTHER,other
C-1286,HEAD-FLANGED,OTHER,other
C-1287,FLANGE,OTHER,other
C-1288,FLANGE,OTHER,other
C-1289,FLANGE,OTHER,other
C-1290,TUBE,OTHER,other
C-1291,TUBE,OTHER,other
C-1292,TUBE,OTHER,other
C-1293,RING,OTHER,other
C-1294,BOSS,OTHER,other
C-1295,TUBE,OTHER,other
C-1296,BRACKET,OTHER,other
C-1297,FLANGE,OTHER,other
C-1298,TEE-ORFS BRAZE,OTHER,other
C-1299,TUBE AS,OTHER,other
C-1300,FLANGE,OTHER,other
C-1301,FLANGE,OTHER,other
C-1302,FLANGE,OTHER,other
C-1303,FLANGE,OTHER,other
C-1304,FLANGE,OTHER,other
C-1305,BOSS,OTHER,other
C-1306,FLANGE,OTHER,other
C-1307,BOSS-SADDLE,OTHER,other
C-1308,BOSS,CP-020,boss
C-1309,REDUCER,OTHER,other
C-1310,WASHER,OTHER,other
C-1311,RIVET,OTHER,other
C-1312,NUT-FLARED,CP-028,adaptor
C-1313,NUT-INV FLARED,CP-028,adaptor
C-1314,FLANGE,CP-004,straight
C-1315,FLANGE,CP-003,straight
C-1316,BOSS,CP-027,nut
C-1317,ELBOW,CP-008,elbow
C-1318,BOSS,CP-027,nut
C-1319,BRACKET,OTHER,other
C-1320,BOSS,CP-027,nut
C-1321,PLATE,OTHER,other
C-1322,FLANGE,OTHER,other
C-1323,PLUG-CORE,OTHER,other
C-1324,CLIP,OTHER,other
C-1325,PIN-SPRING,OTHER,other
C-1326,FLANGE,CP-001,straight
C-1327,ELBOW,CP-009,elbow
C-1328,FLANGE-WELD,CP-001,straight
C-1329,FLANGE,CP-001,straight
C-1330,ANGLE,OTHER,other
C-1331,FLANGE-ONE PIEC,CP-009,elbow
C-1332,SLEEVE-ORFS,CP-024,sleeve
C-1333,ELBOW,CP-009,elbow
C-1334,ELBOW,CP-009,elbow
C-1335,ELBOW,CP-009,elbow
C-1336,ELBOW,CP-009,elbow
C-1337,ELBOW,CP-009,elbow
C-1338,CONNECTOR-WELD,CP-014,threaded
C-1339,ELBOW,CP-008,elbow
C-1340,BOSS,CP-018,boss
C-1341,RIVET-POP,OTHER,other
C-1342,HEAD-FLANGED,CP-006,straight
C-1343,HEAD-FLANGED,CP-006,straight
C-1344,HEAD-FLANGED,CP-006,straight
C-1345,FLANGE-ONE PIEC,CP-010,elbow
C-1346,HEAD-FLANGED,CP-006,straight
C-1347,HEAD-FLANGED,CP-006,straight
C-1348,ELBOW,CP-008,elbow
C-1349,ELBOW,CP-008,elbow
C-1350,ELBOW,CP-008,elbow
C-1351,FLANGE,CP-004,straight
C-1352,FLANGE,CP-004,straight
C-1353,ELBOW,OTHER,other
C-1354,FLANGE,CP-004,straight
C-1355,ADAPTER,OTHER,other
C-1356,CLIP,OTHER,other
C-1357,FLANGE,CP-003,straight
C-1358,ADAPTER,OTHER,other
C-1359,LUG,OTHER,other
C-1360,TUBE AS,OTHER,other
C-1361,ADAPTER,OTHER,other
C-1362,ELBOW,CP-010,elbow
C-1363,ELBOW,CP-010,elbow
C-1364,ELBOW-WATER,OTHER,other
C-1365,ADAPTER-DRAIN,CP-004,straight
C-1366,ELBOW,OTHER,other
C-1367,ADAPTER,OTHER,other
C-1368,FLANGE,CP-004,straight
C-1369,COLLAR,OTHER,other
C-1370,FLANGE,CP-004,straight
C-1371,ELBOW,OTHER,other
C-1372,FLANGE,OTHER,other
C-1373,FLANGE,CP-004,straight
C-1374,NUT,OTHER,other
C-1375,NUT,OTHER,other
C-1376,FLANGE,CP-004,straight
C-1377,ELBOW,OTHER,other
C-1378,ELBOW,CP-010,elbow
C-1379,NUT-FUEL INJ,OTHER,other
C-1380,NUT-FLARED,OTHER,other
C-1381,SLEEVE-FLARED,OTHER,other
C-1382,NUT-FLARED,OTHER,other
C-1383,SLEEVE-FLARED,OTHER,other
C-1384,NUT-FLARED,CP-026,nut
C-1385,NUT-FLARED,OTHER,other
C-1386,SLEEVE-FLARED,OTHER,other
C-1387,FITTING,OTHER,other
C-1388,TUBE-BAFFLE,OTHER,other
C-1389,ELBOW,CP-008,elbow
C-1390,FLANGE,CP-003,straight
C-1391,ELBOW,OTHER,other
C-1392,FLANGE-ONE PIEC,CP-004,straight
C-1393,FITTING,CP-014,threaded
C-1394,HEAD-SEAL,CP-006,straight
C-1395,TUBE AS-LH,OTHER,other
C-1396,TUBE AS-RH,OTHER,other
C-1397,SCREEN,OTHER,other
C-1398,COLLAR,OTHER,other
C-1399,FLANGE,OTHER,other
C-1400,TUBE AS-SUPPLY,OTHER,other
C-1401,ELBOW,OTHER,other
C-1402,FLANGE,OTHER,other
C-1403,WASHER-FUEL INJ,OTHER,other
C-1404,ELBOW-HYDRAULIC,CP-008,elbow
C-1405,ELBOW-HYDRAULIC,CP-008,elbow
C-1406,HEAD-FLANGED,OTHER,other
C-1407,FLANGE-ONE PIECE,CP-003,straight
C-1408,FLANGE-ONE PIEC,CP-003,straight
C-1409,ELBOW-HYDRAULIC,CP-008,elbow
C-1410,BOSS,CP-018,boss
C-1411,BOSS,CP-018,boss
C-1412,FLANGE,CP-003,straight
C-1413,FLANGE,CP-003,straight
C-1414,ADAPTER,OTHER,other
C-1415,FLANGE,CP-004,straight
C-1416,ROD,OTHER,other
C-1417,BOSS,CP-018,boss
C-1418,FLANGE-ONE PIEC,CP-004,straight
C-1419,ELBOW,CP-008,elbow
C-1420,SLEEVE-FITTING,CP-024,sleeve
C-1421,NUT-FITTING,CP-026,nut
C-1422,COUPLING AS,OTHER,other
C-1423,CONNECTOR,CP-014,threaded
C-1424,COUPLING AS,OTHER,other
C-1425,FITTING,OTHER,other
C-1426,FITTING,CP-018,boss
C-1427,PLATE-CONNECTOR,CP-003,straight
C-1428,ELBOW,CP-008,elbow
C-1429,ELBOW,CP-008,elbow
C-1430,FLANGE,CP-003,straight
C-1431,BOSS,CP-018,boss
C-1432,ELBOW,CP-008,elbow
C-1433,FLANGE-ONE PIECE,CP-002,straight
C-1434,FLANGE,CP-003,straight
C-1435,NUT-FLARED,CP-028,adaptor
C-1436,STUD-WELD,OTHER,other
C-1437,FITTING,OTHER,other
C-1438,PLUG-PIPE,OTHER,other
C-1439,NUT-FUEL LINE,OTHER,other
C-1440,FLANGE-ONE PIEC,CP-002,straight
C-1441,ADAPTER-O-RING,CP-014,threaded
C-1442,NUT-FLARED,CP-026,nut
C-1443,SLEEVE-FLARED,CP-024,sleeve
C-1444,FLANGE-ONE PIEC,CP-002,straight
C-1445,ELBOW-FLARED,CP-015,threaded
C-1446,FLANGE-ONE PIEC,CP-002,straight
C-1447,FLANGE-ONE PIEC,CP-002,straight
C-1448,FLANGE-ONE PIEC,CP-002,straight
C-1449,HEAD-FLANGE,CP-007,straight
C-1450,FLANGE-ONE PIEC,CP-002,straight
C-1451,HEAD-FLANGE,CP-007,straight
C-1452,FLANGE-CAPTIVE,CP-022,float
C-1453,FLANGE-CAPTIVE,CP-022,float
C-1454,FLANGE-ONE PIEC,CP-002,straight
C-1455,FLANGE-ONE PIECE,CP-002,straight
C-1456,FLANGE-ONE PIEC,CP-002,straight
C-1457,FLANGE-ONE PIEC,CP-002,straight
C-1458,FLANGE-ONE PIEC,CP-002,straight
C-1459,FLANGE-ONE PIEC,CP-002,straight
C-1460,FLANGE-ONE PIECE,CP-002,straight
C-1461,FLANGE-ONE PIEC,CP-002,straight
C-1462,FLANGE-ONE PIEC,CP-002,straight
C-1463,FLANGE-ONE PIECE,CP-002,straight
C-1464,FLANGE-ONE PIEC,CP-002,straight
C-1465,FLANGE-ONE PIECE,CP-002,straight
C-1466,NUT-A/C,OTHER,other
C-1467,FLANGE-ONE PIEC,CP-002,straight
C-1468,FITTING-A/C,CP-014,threaded
C-1469,NUT-A/C,CP-014,threaded
C-1470,NUT-A/C,CP-014,threaded
C-1471,FLANGE-ONE PIEC,CP-002,straight
C-1472,FITTING-A/C,OTHER,other
C-1473,FITTING-A/C,OTHER,other
C-1474,NUT-A/C,OTHER,other
C-1475,NUT-A/C,CP-014,threaded
C-1476,NUT-A/C,OTHER,other
C-1477,NUT-A/C,OTHER,other
C-1478,NUT-A/C,OTHER,other
C-1479,CONNECTOR,CP-014,threaded
C-1480,ADAPTER-A/C,OTHER,other
C-1481,ADAPTER-A/C,OTHER,other
C-1482,HEAD-FLANGED,CP-007,straight
C-1483,ADAPTER-A/C,OTHER,other
C-1484,FLANGE-ONE PIEC,CP-002,straight
C-1485,WASHER-HARD,OTHER,other
C-1486,NUT-A/C,CP-014,threaded
C-1487,FLANGE-ONE PIEC,CP-002,straight
C-1488,ELBOW-HYDRAULIC,CP-011,elbow
C-1489,BOSS,CP-018,boss
C-1490,BOSS,OTHER,other
C-1491,FITTING,OTHER,other
C-1492,FLANGE,CP-004,straight
C-1493,HEAD-FLANGED,CP-006,straight
C-1494,HEAD-FLANGED,CP-007,straight
C-1495,HEAD-FLANGED,CP-007,straight
C-1496,FLANGE-SADDLE,CP-019,boss
C-1497,BRACKET,OTHER,other
C-1498,BOSS,OTHER,other
C-1499,FLANGE,OTHER,other
C-1500,ELBOW,CP-008,elbow
C-1501,FLANGE,CP-003,straight
C-1502,ADAPTER,OTHER,other
C-1503,FITTING,CP-018,boss
C-1504,HANGER-COAT,OTHER,other
C-1505,BOSS,CP-018,boss
C-1506,BOSS,CP-018,boss
C-1507,BOSS,CP-018,boss
C-1508,PLATE,OTHER,other
C-1509,BRACKET,OTHER,other
C-1510,PLATE,OTHER,other
C-1511,WASHER,OTHER,other
C-1512,CLEAT,OTHER,other
C-1513,FLANGE,CP-004,straight
C-1514,ELBOW,CP-010,elbow
C-1515,SHEET,OTHER,other
C-1516,BAFFLE,OTHER,other
C-1517,FLANGE,OTHER,other
C-1518,FLANGE,CP-004,straight
C-1519,WASHER,OTHER,other
C-1520,FLANGE,CP-003,straight
C-1521,FLANGE,OTHER,other
C-1522,TUBE-BAFFLE,OTHER,other
C-1523,PLATE,OTHER,other
C-1524,PLATE,OTHER,other
C-1525,PLATE,OTHER,other
C-1526,PLATE,OTHER,other
C-1527,ELBOW,CP-010,elbow
C-1528,BOSS,OTHER,other
C-1529,CONNECTOR,OTHER,other
C-1530,BOSS,CP-027,nut
C-1531,BODY-RELIEF V,OTHER,other
C-1532,FLANGE,OTHER,other
C-1533,NUT,OTHER,other
C-1534,FLANGE,CP-003,straight
C-1535,BOSS,CP-018,boss
C-1536,BOSS,CP-018,boss
C-1537,FITTING,CP-018,boss
C-1538,ELBOW,CP-010,elbow
C-1539,ELBOW,CP-008,elbow
C-1540,CLIP,OTHER,other
C-1541,CLIP,OTHER,other
C-1542,ELBOW,CP-008,elbow
C-1543,FLANGE,CP-004,straight
C-1544,HEAD-FLANGED,CP-007,straight
C-1545,HEAD-FLANGED,CP-006,straight
C-1546,ADAPTER-PIPE,CP-028,adaptor
C-1547,CONNECTOR,CP-014,threaded
C-1548,FLANGE-CAPTIVE,OTHER,other
C-1549,FLANGE,CP-004,straight
C-1550,ADAPTER-OIL LIN,OTHER,other
C-1551,COLLAR,CP-006,straight
C-1552,FLANGE,CP-003,straight
C-1553,HEAD-FLANGED,CP-006,straight
C-1554,NUT-INJ LINE,OTHER,other
C-1555,FLANGE,CP-004,straight
C-1556,TUBE,OTHER,other
C-1557,BOSS,CP-018,boss
C-1558,PLATE,OTHER,other
C-1559,ADAPTER,OTHER,other
C-1560,FLANGE,OTHER,other
C-1561,ADAPTER,OTHER,other
C-1562,COVER-FRONT HSG,OTHER,other
C-1563,CLIP,OTHER,other
C-1564,CAP AS-FILLER,OTHER,other
C-1565,ADAPTER-O SUPPL,CP-010,elbow
C-1566,ELBOW,CP-010,elbow
C-1567,CLIP,OTHER,other
C-1568,FLANGE,CP-003,straight
C-1569,TUBE AS,OTHER,other
C-1570,ADAPTER,OTHER,other
C-1571,SLEEVE,OTHER,other
C-1572,TUBE AS,OTHER,other
C-1573,FLANGE,OTHER,other
C-1574,ORIFICE,OTHER,other
C-1575,ELBOW,CP-010,elbow
C-1576,ELBOW,CP-008,elbow
C-1577,NUT-FLARED,CP-026,nut
C-1578,CONNECTOR,CP-014,threaded
C-1579,BOSS,CP-018,boss
C-1580,BOSS,CP-027,nut
C-1581,TUBE,OTHER,other
C-1582,PIN,OTHER,other
C-1583,ADAPTER-STR,CP-028,adaptor
C-1584,FLANGE-CAPTIVE,CP-022,float
C-1585,PLUG,CP-012,elbow
C-1586,PLUG,CP-012,elbow
C-1587,PLUG,CP-012,elbow
C-1588,PLUG,CP-012,elbow
C-1589,PLUG,CP-012,elbow
C-1590,FLANGE-ONE PIECE,CP-002,straight
C-1591,FLANGE-ONE PIEC,CP-002,straight
C-1592,FLANGE-ONE PIEC,CP-002,straight
C-1593,ELBOW,CP-015,threaded
C-1594,FLANGE-ONE PIEC,CP-002,straight
C-1595,BOLT,OTHER,other
C-1596,NUT-A/C,OTHER,other
C-1597,BOLT-HEX HEAD,OTHER,other
C-1598,ELBOW-HYDRAULIC,CP-011,elbow
C-1599,ELBOW-HYDRAULIC,CP-011,elbow
C-1600,ELBOW-HYDRAULIC,CP-011,elbow
C-1601,ELBOW-HYDRAULIC,CP-011,elbow
C-1602,ELBOW-HYDRAULIC,CP-011,elbow
C-1603,ELBOW-HYDRAULIC,CP-011,elbow
C-1604,ELBOW-HYDRAULIC,CP-011,elbow
C-1605,ELBOW-HYDRAULIC,CP-011,elbow
C-1606,ELBOW-HYDRAULIC,CP-011,elbow
C-1607,ELBOW-HYDRAULIC,CP-011,elbow
C-1608,ELBOW-HYDRAULIC,CP-011,elbow
C-1609,ELBOW-HYDRAULIC,CP-011,elbow
C-1610,ELBOW-HYDRAULIC,CP-011,elbow
C-1611,ELBOW-HYDRAULIC,CP-011,elbow
C-1612,ELBOW-HYDRAULIC,CP-011,elbow
C-1613,ELBOW-HYDRAULIC,CP-011,elbow
C-1614,FLANGE,CP-003,straight
C-1615,FLANGE,CP-003,straight
C-1616,FLANGE-ONE PIEC,CP-002,straight
C-1617,FLANGE-ONE PIECE,CP-002,straight
C-1618,SEAL-O-RING-ORFS,OTHER,other
C-1619,SEAL-O-RING-ORFS,OTHER,other
C-1620,NUT-SWIVEL,CP-025,nut
C-1621,NUT-SWIVEL,CP-025,nut
C-1622,NUT-SWIVEL,CP-025,nut
C-1623,NUT-SWIVEL,CP-025,nut
C-1624,NUT-SWIVEL,CP-025,nut
C-1625,NUT-SWIVEL,CP-025,nut
C-1626,NUT-SWIVEL,CP-025,nut
C-1627,SLEEVE-ORFS,CP-024,sleeve
C-1628,SLEEVE-ORFS,CP-024,sleeve
C-1629,SLEEVE-ORFS,CP-024,sleeve
C-1630,SLEEVE-ORFS,CP-024,sleeve
C-1631,SLEEVE-ORFS,CP-024,sleeve
C-1632,SLEEVE-ORFS,CP-024,sleeve
C-1633,SLEEVE-ORFS,CP-024,sleeve
C-1634,ADAPTER-STR,CP-028,adaptor
C-1635,SLEEVE-FACE SEAL,CP-024,sleeve
C-1636,ELBOW-HYDRAULIC,CP-011,elbow
C-1637,CONNECTOR-SEAL,CP-014,threaded
C-1638,CONNECTOR-SEAL,CP-014,threaded
C-1639,CONNECTOR-SEAL,CP-014,threaded
C-1640,CONNECTOR-SEAL,CP-014,threaded
C-1641,CONNECTOR-SEAL,CP-014,threaded
C-1642,CONNECTOR-SEAL,CP-014,threaded
C-1643,CONNECTOR-ORFS,CP-014,threaded
C-1644,CONNECTOR-SEAL,CP-014,threaded
C-1645,CONNECTOR-SEAL,CP-014,threaded
C-1646,CONNECTOR-SEAL,CP-014,threaded
C-1647,CONNECTOR-SEAL,CP-014,threaded
C-1648,CONNECTOR-SEAL,CP-014,threaded
C-1649,CONNECTOR-SEAL,CP-014,threaded
C-1650,CONNECTOR-SEAL,CP-014,threaded
C-1651,NUT-SWIVEL,OTHER,other
C-1652,SLEEVE-REDUCER,CP-024,sleeve
C-1653,SLEEVE-REDUCER,CP-024,sleeve
C-1654,SLEEVE-REDUCER,CP-024,sleeve
C-1655,SLEEVE-REDUCER,CP-024,sleeve
C-1656,SLEEVE-REDUCER,CP-024,sleeve
C-1657,SLEEVE-REDUCER,CP-024,sleeve
C-1658,SLEEVE-REDUCER,CP-024,sleeve
C-1659,SLEEVE-REDUCER,CP-024,sleeve
C-1660,SLEEEVE-REDUCER,CP-024,sleeve
C-1661,SLEEVE-REDUCER,CP-024,sleeve
C-1662,CAP-ORFS,OTHER,other
C-1663,CONNECTOR-BHD,OTHER,other
C-1664,FLANGE,OTHER,other
C-1665,FLANGE,CP-003,straight
C-1666,MANIFOLD,OTHER,other
C-1667,PLATE,OTHER,other
C-1668,ADAPTER,OTHER,other
C-1669,LUG,OTHER,other
C-1670,FLANGE,CP-004,straight
C-1671,WASHER-FUEL INJ,OTHER,other
C-1672,WASHER-FUEL INJ,OTHER,other
C-1673,FLANGE-SPL,CP-004,straight
C-1674,NUT-FUEL INJ,OTHER,other
C-1675,TUBE AS-FUEL IN,OTHER,other
C-1676,TUBE AS-FUEL IN,OTHER,other
C-1677,NUT-FUEL INJ,OTHER,other
C-1678,FLANGE,CP-004,straight
C-1679,BRACKET,OTHER,other
C-1680,FLANGE,CP-004,straight
C-1681,HOUSING,CP-010,elbow
C-1682,FLANGE,CP-003,straight
C-1683,FLANGE,CP-003,straight
C-1684,FLANGE,CP-003,straight
C-1685,FLANGE,CP-003,straight
C-1686,ELBOW,CP-008,elbow
C-1687,FLANGE,CP-003,straight
C-1688,NUT-F INJ LINE,OTHER,other
C-1689,COLLAR,OTHER,other
C-1690,ELBOW,OTHER,other
C-1691,ELBOW,OTHER,other
C-1692,SPACER,OTHER,other
C-1693,PLATE,OTHER,other
C-1694,BOSS,CP-027,nut
C-1695,ADAPTER,CP-028,adaptor
C-1696,ADAPTER,OTHER,other
C-1697,BOSS,CP-018,boss
C-1698,BOSS,CP-018,boss
C-1699,BOSS,CP-018,boss
C-1700,ELBOW-SWIVEL,CP-015,threaded
C-1701,COUPLING AS,CP-014,threaded
C-1702,ELBOW-SWIVEL,CP-015,threaded
C-1703,SLEEVE-ORFS,CP-024,sleeve
C-1704,COUPLING AS,CP-014,threaded
C-1705,FLANGE,CP-001,straight
C-1706,FLANGE-ONE PIECE,CP-002,straight
C-1707,FITTING,CP-018,boss
C-1708,FITTING,CP-018,boss
C-1709,PLUG,OTHER,other
C-1710,CONNECTOR-SPL,CP-014,threaded
C-1711,HEAD-FLANGED,CP-006,straight
C-1712,HEAD-FLANGED,CP-006,straight
C-1713,RING,CP-007,straight
C-1714,CONNECTOR-FLARE,CP-014,threaded
C-1715,CONNECTOR-FLARE,CP-014,threaded
C-1716,CONNECTOR-SPL,CP-014,threaded
C-1717,HEAD-FLANGED,CP-007,straight
C-1718,CONNECTOR,CP-014,threaded
C-1719,FLANGE,CP-004,straight
C-1720,HEAD-FLANGED,CP-007,straight
C-1721,HEAD-FLANGED,CP-007,straight
C-1722,FITTING,CP-014,threaded
C-1723,FITTING,CP-014,threaded
C-1724,CONNECTOR-SPL,CP-014,threaded
C-1725,BOSS,CP-018,boss
C-1726,ELBOW,CP-008,elbow
C-1727,ELBOW-37 (DEG),CP-015,threaded
C-1728,CONNECTOR,CP-014,threaded
C-1729,BOSS,CP-018,boss
C-1730,ELBOW,OTHER,other
C-1731,BOSS,CP-018,boss
C-1732,CLAMP,OTHER,other
C-1733,ELBOW,CP-010,elbow
C-1734,FLANGE,CP-004,straight
C-1735,ADAPTER-OIL LIN,OTHER,other
C-1736,FLANGE,CP-004,straight
C-1737,SEAL-O-RING,OTHER,other
C-1738,FLANGE,OTHER,other
C-1739,FLANGE,CP-004,straight
C-1740,FLANGE,CP-004,straight
C-1741,ELBOW,OTHER,other
C-1742,CLIP,OTHER,other
C-1743,FITTING,CP-014,threaded
C-1744,ELBOW,CP-008,elbow
C-1745,LINK,OTHER,other
C-1746,FLANGE-ONE PIEC,CP-002,straight
C-1747,FLANGE-ONE PIECE,CP-002,straight
C-1748,PLUG-CUP,OTHER,other
C-1749,FLANGE,CP-004,straight
C-1750,FLANGE,CP-004,straight
C-1751,PLATE,OTHER,other
C-1752,ELBOW-MANF IN,OTHER,other
C-1753,BLOCK,OTHER,other
C-1754,TUBE,OTHER,other
C-1755,TUBE AS-IN,OTHER,other
C-1756,NUT-FUEL INJ,OTHER,other
C-1757,TUBE AS,OTHER,other
C-1758,CONNECTOR,CP-014,threaded
C-1759,ELBOW-HYDRAULIC,CP-011,elbow
C-1760,NUT-ORFS,CP-025,nut
C-1761,CONNECTOR-BHD,CP-014,threaded
C-1762,FLANGE-ONE PIECE,CP-002,straight
C-1763,FLANGE-ONE PIECE,CP-002,straight
C-1764,BOSS,CP-018,boss
C-1765,PLATE,OTHER,other
C-1766,PLATE,OTHER,other
C-1767,CONNECTOR-WELD,CP-014,threaded
C-1768,FLANGE-WELD,CP-001,straight
C-1769,ELB,CP-009,elbow
C-1770,FLANGE,CP-001,straight
C-1771,FLANGE,CP-003,straight
C-1772,FLANGE-WELD,CP-001,straight
C-1773,FLANGE,CP-001,straight
C-1774,FLANGE-WELD,CP-009,elbow
C-1775,FLANGE-ONE PIEC,CP-001,straight
C-1776,COUPLING AS,CP-014,threaded
C-1777,CONNECTOR,CP-014,threaded
C-1778,CONNECTOR,CP-015,threaded
C-1779,COUPLING AS,CP-014,threaded
C-1780,BOSS,CP-018,boss
C-1781,CONNECTOR-WELD,CP-014,threaded
C-1782,ELBOW,CP-009,elbow
C-1783,ELBOW,CP-009,elbow
C-1784,FLANGE-ONE PIEC,CP-001,straight
C-1785,FLANGE,CP-001,straight
C-1786,ELBOW,CP-009,elbow
C-1787,JOINT-T,OTHER,other
C-1788,FLANGE,CP-009,elbow
C-1789,CONNECTOR,CP-014,threaded
C-1790,ELBOW,CP-015,threaded
C-1791,COUPLING AS,OTHER,other
C-1792,FLANGE,CP-001,straight
C-1793,BOSS,CP-027,nut
C-1794,LUG,OTHER,other
C-1795,FLANGE-ONE PIEC,CP-002,straight
C-1796,FLANGE-ONE PIECE,CP-002,straight
C-1797,TEE-UNION,OTHER,other
C-1798,FLANGE-ONE PIEC,CP-002,straight
C-1799,CONNECTOR-SEAL,OTHER,other
C-1800,ELBOW-90 DEG,OTHER,other
C-1801,FLANGE-ONE PIEC,CP-002,straight
C-1802,CONNECTOR,CP-014,threaded
C-1803,ELBOW-HYDRAULIC,CP-011,elbow
C-1804,FLANGE-ONE PIEC,CP-005,straight
C-1805,FLANGE-ONE PIEC,CP-002,straight
C-1806,FLANGE-ONE PIEC,CP-002,straight
C-1807,FLANGE-ONE PIEC,CP-002,straight
C-1808,ELBOW-90 DEGREE,CP-015,threaded
C-1809,TEE-HYDRAULIC,OTHER,tee
C-1810,COUPLER-QDISC,OTHER,other
C-1811,FLANGE,CP-003,straight
C-1812,BOSS,CP-028,adaptor
C-1813,RIVET-BLIND,OTHER,other
C-1814,PLUG-CUP,OTHER,other
C-1815,PLUG-ORIFICE,OTHER,other
C-1816,ELBOW,CP-008,elbow
C-1817,FITTING-NUT,OTHER,other
C-1818,FITTING-NUT,OTHER,other
C-1819,ELBOW,CP-010,elbow
C-1820,ELBOW,CP-008,elbow
C-1821,ELBOW,CP-008,elbow
C-1822,PLATE,OTHER,other
C-1823,FLANGE,OTHER,other
C-1824,ELBOW,OTHER,other
C-1825,FILLER,OTHER,other
C-1826,ELBOW,CP-008,elbow
C-1827,NUT-TUBE,OTHER,other
C-1828,PLUG-O-RING,CP-028,adaptor
C-1829,ELBOW,CP-011,elbow
C-1830,TEE-HYDRAULIC,OTHER,tee
C-1831,STUD-WELD,OTHER,other
C-1832,DISC,OTHER,other
C-1833,BOSS,CP-018,boss
C-1834,FLANGE,CP-004,straight
C-1835,PLUG-DETENT,OTHER,other
C-1836,TEE-FLARED,CP-016,threaded
C-1837,TEE-FLARED,CP-016,threaded
C-1838,HEAD-FLANGED,OTHER,other
C-1839,BOSS,CP-018,boss
C-1840,ELBOW-FLARED,CP-015,threaded
C-1841,CONNECTOR,CP-014,threaded
C-1842,BLOCK,CP-008,elbow
C-1843,FLANGE,CP-003,straight
C-1844,SEAL-O-RING,OTHER,other
C-1845,NUT,CP-026,nut
C-1846,SLEEVE-FLARED,CP-024,sleeve
C-1847,CLIP,OTHER,other
C-1848,NUT-FLARED,CP-026,nut
C-1849,FLANGE,CP-004,straight
C-1850,ADAPTER-OIL LIN,OTHER,other
C-1851,ORIFICE,OTHER,other
C-1852,SCREEN-PUMP TUBE,OTHER,other
C-1853,ELBOW,CP-010,elbow
C-1854,FLANGE,CP-004,straight
C-1855,FLANGE,CP-004,straight
C-1856,ADAPTER-OIL LIN,OTHER,other
C-1857,NUT-MALE PIPE,OTHER,other
C-1858,LUG,OTHER,other
C-1859,HEAD-FLANGED,OTHER,other
C-1860,FITTING,OTHER,other
C-1861,RIVET,OTHER,other
C-1862,BOSS,CP-018,boss
C-1863,ELBOW,CP-010,elbow
C-1864,CONNECTOR-FLARE,CP-014,threaded
C-1865,TEE-HYDRAULIC,OTHER,tee
C-1866,SLEEVE-ORFS,CP-024,sleeve
C-1867,NUT-SWIVEL,CP-025,nut
C-1868,ADAPTER-ELBOW,CP-029,adaptor
C-1869,CONNECTOR-SPL,CP-014,threaded
C-1870,CONNECTOR-ORFS,CP-014,threaded
C-1871,FLANGE-ONE PIEC,OTHER,other
C-1872,PLUG,CP-012,elbow
C-1873,ADAPTER-O RING,CP-014,threaded
C-1874,NUT-WELD,OTHER,other
C-1875,NUT-WELD,OTHER,other
C-1876,BOSS-WELD,OTHER,other
C-1877,ELBOW-90 (DEG),CP-015,threaded
C-1878,STUD-WELD,OTHER,other
C-1879,CONNECTOR-O-RIN,CP-014,threaded
C-1880,FLANGE-ONE PIEC,CP-002,straight
C-1881,FLANGE-ONE PC,CP-002,straight
C-1882,FLANGE-ONE PC,CP-002,straight
C-1883,FLANGE-ONE PC,CP-002,straight
C-1884,FLANGE-ONE PC,CP-002,straight
C-1885,CONNECTOR-ORFS,CP-014,threaded
C-1886,FLANGE-ONE PIEC,CP-002,straight
C-1887,FLANGE-ONE PIEC,CP-002,straight
C-1888,ELBOW-90 DEGREE,CP-015,threaded
C-1889,CONNECTOR-WELD,CP-014,threaded
C-1890,FLANGE-ONE PC,CP-002,straight
C-1891,PLUG-NPTF,OTHER,other
C-1892,ELBOW-90 (DEG),CP-015,threaded
C-1893,FLANGE-ONE PIEC,CP-002,straight
C-1894,HEAD-FLANGED,CP-007,straight
C-1895,FLANGE-ONE PIEC,CP-002,straight
C-1896,ELBOW,CP-010,elbow
C-1897,FLANGE-ONE PIEC,CP-006,straight
C-1898,STUD-WELD,OTHER,other
C-1899,ELBOW-HYDRAULIC,CP-011,elbow
C-1900,HEAD-FLANGED,CP-007,straight
C-1901,FLANGE-ONE PIECE,CP-002,straight
C-1902,CONNECTOR-ORFS,CP-014,threaded
C-1903,CONNECTOR,CP-014,threaded
C-1904,FLANGE-ONE PIEC,CP-002,straight
C-1905,ELBOW-HYDRAULIC,CP-011,elbow
C-1906,ELBOW-90 DEGREE,CP-015,threaded
C-1907,CONNECTOR,CP-014,threaded
C-1908,CONNECTOR-ORFS,CP-014,threaded
C-1909,CONNECTOR,CP-014,threaded
C-1910,CONNECTOR-ORFS,CP-014,threaded
C-1911,ELBOW-90 (DEG),CP-015,threaded
C-1912,TEE,CP-016,threaded
C-1913,CONNECTOR,CP-014,threaded
C-1914,BLOCK,OTHER,other
C-1915,TUBE AS,OTHER,other
C-1916,TUBE AS,OTHER,other
C-1917,BLOCK,OTHER,other
C-1918,TUBE AS,OTHER,other
C-1919,BLOCK,CP-019,boss
C-1920,PLATE,OTHER,other
C-1921,PLATE,OTHER,other
C-1922,BLOCK,OTHER,other
C-1923,FITTING,OTHER,other
C-1924,BOSS,CP-018,boss
C-1925,BOSS,CP-018,boss
C-1926,PLATE,OTHER,other
C-1927,BOSS,CP-027,nut
C-1928,BOSS,CP-018,boss
C-1929,FITTING,OTHER,other
C-1930,TUBE,OTHER,other
C-1931,ELBOW,CP-008,elbow
C-1932,PLATE,OTHER,other
C-1933,ELBOW,OTHER,other
C-1934,ELBOW,OTHER,other
C-1935,ELBOW,CP-008,elbow
C-1936,BLOCK,CP-014,threaded
C-1937,NUT-WELD,OTHER,other
C-1938,BLOCK,OTHER,other
C-1939,SCREW-BLEEDER,OTHER,other
C-1940,NUT-WELD,OTHER,other
C-1941,COLLAR-O-RING,OTHER,other
C-1942,PLATE,OTHER,other
C-1943,FLANGE,CP-004,straight
C-1944,CLIP,OTHER,other
C-1945,CLIP,OTHER,other
C-1946,FLANGE,CP-003,straight
C-1947,FLANGE,CP-003,straight
C-1948,ELBOW-WATER,CP-008,elbow
C-1949,WASHER,OTHER,other
C-1950,NUT-INJ LINE,OTHER,other
C-1951,ELBOW,CP-010,elbow
C-1952,FITTING-FLARED,CP-026,nut
C-1953,FLANGE,CP-004,straight
C-1954,ADAPTER,OTHER,other
C-1955,SCREEN AS,OTHER,other
C-1956,FLANGE,CP-004,straight
C-1957,ELBOW,OTHER,other
C-1958,FLANGE-ONE PIEC,CP-003,straight
C-1959,BRACKET,OTHER,other
C-1960,ADAPTER-EXH PIP,OTHER,other
C-1961,PIN-DOWEL,OTHER,other
C-1962,BOSS,CP-027,nut
C-1963,BOSS,CP-027,nut
C-1964,BOSS,CP-027,nut
C-1965,BOSS,CP-027,nut
C-1966,BOSS,CP-027,nut
C-1967,BOSS,CP-027,nut
C-1968,BOSS,CP-027,nut
C-1969,BOSS,CP-027,nut
C-1970,BOSS,CP-018,boss
C-1971,PLUG-STOR,OTHER,other
C-1972,PLUG-STOR,OTHER,other
C-1973,BOSS-OUTLET,CP-018,boss
C-1974,BOSS,CP-018,boss
C-1975,NUT-FLARED,CP-028,adaptor
C-1976,CONNECTOR-FLARE,CP-014,threaded
C-1977,NUT-FULL,OTHER,other
C-1978,COUPLING AS,OTHER,other
C-1979,PLUG-STOR,OTHER,other
C-1980,BOSS,CP-027,nut
C-1981,BOSS,OTHER,other
C-1982,PLATE,OTHER,other
C-1983,FLANGE,CP-004,straight
C-1984,PLATE,OTHER,other
C-1985,PLATE,OTHER,other
C-1986,FLANGE,CP-003,straight
C-1987,PLATE,OTHER,other
C-1988,BOSS,CP-018,boss
C-1989,ELBOW,CP-009,elbow
C-1990,BOSS,CP-018,boss
C-1991,TEE,OTHER,other
C-1992,ELBOW,CP-008,elbow
C-1993,BOSS,OTHER,other
C-1994,ELBOW-90 DEGREES,CP-015,threaded
C-1995,ELBOW-90 DEGREE,CP-015,threaded
C-1996,FLANGE-TWO BOLT,CP-004,straight
C-1997,FLANGE-ONE PIEC,CP-002,straight
C-1998,ELBOW-90 DEG,CP-015,threaded
C-1999,HEAD-FLANGED,CP-007,straight
C-2000,FLANGE-ONE PIECE,CP-002,straight
C-2001,ELBOW-90 DEG,CP-015,threaded
C-2002,ELBOW-90 DEG,CP-015,threaded
C-2003,ELBOW-90 DEG,CP-015,threaded
C-2004,ELBOW-90 DEG,CP-015,threaded
C-2005,ELBOW-90 DEG,CP-015,threaded
C-2006,ELBOW-90 DEG,CP-015,threaded
C-2007,ELBOW-90 DEG,CP-015,threaded
C-2008,ELBOW-90 DEG,CP-015,threaded
C-2009,FLANGE-ONE PIECE,CP-002,straight
C-2010,ELBOW-HYDRAULIC,CP-011,elbow
C-2011,COUPLING,OTHER,other
C-2012,COUPLING,OTHER,other
C-2013,COUPLING,OTHER,other
C-2014,COUPLING,OTHER,other
C-2015,FLANGE-ONE PIEC,CP-002,straight
C-2016,FLANGE-ONE PIECE,CP-002,straight
C-2017,FLANGE-ONE PIEC,CP-002,straight
C-2018,FLANGE-ONE PIECE,CP-002,straight
C-2019,FLANGE-HYDRAULIC,CP-002,straight
C-2020,FLANGE-ONE PIEC,CP-002,straight
C-2021,FLANGE-ONE PIECE,CP-002,straight
C-2022,FLANGE-ONE PIECE,CP-002,straight
C-2023,FLANGE-ONE PIEC,CP-002,straight
C-2024,ELBOW-HYDRAULIC,CP-011,elbow
C-2025,NUT-SWIVEL,CP-025,nut
C-2026,NUT-SWIVEL,CP-025,nut
C-2027,NUT-SWIVEL,CP-025,nut
C-2028,NUT-SWIVEL,CP-025,nut
C-2029,NUT-SWIVEL,CP-025,nut
C-2030,NUT-SWIVEL,CP-025,nut
C-2031,ELBOW-HYDRAULIC,CP-011,elbow
C-2032,ELBOW-90 DEG,CP-015,threaded
C-2033,ELBOW-90 DEG,CP-015,threaded
C-2034,HEAD-FLANGED,CP-007,straight
C-2035,SLEEVE-ORIFICE,CP-024,sleeve
C-2036,SEAL-O-RING,OTHER,other
C-2037,SEAL-O-RING,OTHER,other
C-2038,BOSS-WELD,OTHER,other
C-2039,TUBE AS-FUEL IN,OTHER,other
C-2040,TUBE AS-FUEL IN,OTHER,other
C-2041,TUBE AS-FUEL IN,OTHER,other
C-2042,BOSS,OTHER,other
C-2043,FLANGE,CP-004,straight
C-2044,ADAPTER-INLET,CP-006,straight
C-2045,ADAPTER-INLET,OTHER,other
C-2046,SLEEVE,OTHER,other
C-2047,FLANGE,OTHER,other
