component_id,name,component_type_id,component_mac475,mac475_weight,uniqueness,orientation,overall_length
NONE,NONE,NONE,NONE,0,N,N,0
9999,OTHER,OTHER,0,0.24,N,N,0
C-0001,SLEEVE,CP-024,sleeve,0.013,N,N,17.3
C-0002,SLEEVE,CP-024,sleeve,0.005,N,N,11.2
C-0003,SLEEVE-FLARED,CP-024,sleeve,0.014,N,N,19.3
C-0004,NUT,CP-026,nut,0.014,N,N,17
C-0005,ADAPTER-STR,CP-028,adaptor,0.206,N,N,58.4
C-0006,ADAPTER-STR,CP-028,adaptor,0.083,N,N,34.8
C-0007,CONNECTOR-FLARE,CP-014,threaded,0.028,N,N,24.4
C-0008,BOSS,CP-018,boss,0.032,Y,Y,0
C-0009,BOSS,CP-018,boss,0.033,N,Y,0
C-0010,NUT-FUEL TUBE,OTHER,other,0.01,N,N,0
C-0011,NUT,OTHER,other,0.012,N,N,0
C-0012,FLANGE,CP-001,straight,0.788,N,Y,40
C-0013,ELBOW,CP-008,elbow,8.89,N,Y,185
C-0014,FLANGE,CP-001,straight,0.339,N,Y,38
C-0015,FLANGE,CP-001,straight,0.788,N,Y,40
C-0016,ELBOW,CP-009,elbow,1.172,N,Y,69
C-0017,ELBOW,CP-009,elbow,1.245,N,Y,69
C-0018,ELBOW,CP-009,elbow,1.863,N,Y,80
C-0019,FLANGE-ONE PIECE,CP-002,straight,1.533,N,Y,28
C-0020,BOSS,CP-018,boss,0.07,Y,Y,0
C-0021,HOUSING-OIL,CP-010,elbow,0.903,Y,Y,70
C-0022,HOUSING FUEL,CP-010,elbow,0.103,Y,Y,39
C-0023,BLOCK,CP-008,elbow,1.297,N,Y,58.5
C-0024,BLOCK,OTHER,other,0.509,N,N,0
C-0025,TUBE-LUBRICATION,OTHER,other,0.15,N,N,0
C-0026,TUBE,OTHER,other,0.032,N,N,0
C-0027,FLANGE,CP-021,float,2.23,N,Y,0
C-0028,ELBOW-HYDRAULIC,CP-011,elbow,1.633,N,Y,100
C-0029,FLANGE,CP-001,straight,0.286,N,Y,28
C-0030,ELBOW,CP-015,threaded,0.914,N,Y,38.5
C-0031,WASHER,OTHER,other,0.038,N,N,0
C-0032,TUBE,OTHER,other,4.485,N,N,0
C-0033,FLANGE,OTHER,other,1.662,N,N,0
C-0034,FLANGE,OTHER,other,0.424,N,N,0
C-0035,BOSS,CP-027,nut,0.009,N,N,12
C-0036,FLANGE-BRAZE,CP-003,straight,1.85,N,Y,28
C-0037,LUG,OTHER,other,0.081,N,N,0
C-0038,FLANGE,CP-004,straight,0.169,N,Y,28
C-0039,TUBE,OTHER,other,1.953,N,N,0
C-0040,ADAPTER,OTHER,other,1.693,N,N,0
C-0041,CONNECTOR-ORFS,CP-014,threaded,0.12,N,N,28
C-0042,ELBOW,CP-008,elbow,0.357,N,Y,33
C-0043,CONNECTOR-ORFS,CP-014,threaded,0.09,N,N,38
C-0044,CONNECTOR-ORFS,CP-014,threaded,0.182,N,N,30.5
C-0045,ADAPTER-OIL LIN,OTHER,other,0.215,N,N,0
C-0046,FLANGE-ONE PIEC,CP-005,straight,0.38,N,Y,28
C-0047,BAR,OTHER,other,0.233,N,N,0
C-0048,SLEEVE-BRAZE,CP-024,sleeve,0.006,N,N,9.5
C-0049,SLEEVE-ORFS,CP-024,sleeve,0.012,N,N,9.5
C-0050,SLEEVE-ORFS,CP-024,sleeve,0.015,N,N,10.5
C-0051,SLEEVE-ORFS,CP-024,sleeve,0.033,N,N,14
C-0052,SLEEVE-ORFS,CP-024,sleeve,0.041,N,N,15.5
C-0053,SLEEVE-ORFS,CP-024,sleeve,0.079,N,N,15.5
C-0054,BOSS,CP-018,boss,0.18,Y,Y,0
C-0055,FITTING,OTHER,other,0.002,N,N,0
C-0056,FITTING,OTHER,other,0.004,N,N,0
C-0057,NUT,OTHER,other,0.035,N,N,0
C-0058,SLEEVE-90DEG,CP-024,sleeve,0.006,N,N,8.6
C-0059,SLEEVE-90DEG,CP-024,sleeve,0.015,N,N,10.5
C-0060,SLEEVE-90DEG,CP-024,sleeve,0.042,N,N,12.5
C-0061,ADAPTER-O SUPPL,CP-010,elbow,0.2,Y,Y,66.3
C-0062,FLANGE-BRAZE,CP-003,straight,1.85,N,Y,28
C-0063,ADAPTER-O LINE,CP-010,elbow,0.227,Y,Y,31
C-0064,PLATE,OTHER,other,0.952,N,N,0
C-0065,ELBOW-WELD,CP-009,elbow,0.561,N,Y,56
C-0066,ELBOW-WELD,CP-009,elbow,0.614,N,Y,56
C-0067,TUBE,OTHER,other,0.265,N,N,0
C-0068,TUBE AS,OTHER,other,0.25,N,N,0
C-0069,ELBOW,CP-015,threaded,0.216,Y,Y,38.5
C-0070,ELBOW-WELD,CP-015,threaded,0.178,N,Y,38.5
C-0071,BOSS,CP-018,boss,0.08,Y,Y,0
C-0072,ELBOW WELD,CP-015,threaded,0.29,N,Y,38.5
C-0073,ELBOW WELD,CP-015,threaded,0.537,N,Y,38.5
C-0074,CONNECTOR-STOR,CP-014,threaded,0.134,N,N,40.5
C-0075,ELBOW-HYDRAULIC,CP-011,elbow,1.09,N,Y,78
C-0076,ELBOW-HYDRAULIC,CP-011,elbow,1.494,N,Y,85.5
C-0077,CONNECTOR-ORFS,CP-014,threaded,0.066,N,N,23
C-0078,COUPLING AS,CP-014,threaded,0.07,N,N,32
C-0079,FLANGE-ONE PIECE,CP-002,straight,3.09,N,Y,28
C-0080,FLANGE,CP-003,straight,0.434,N,Y,28
C-0081,FLANGE,CP-004,straight,0.02,N,Y,28
C-0082,BOSS-ORFS,CP-018,boss,0.043,Y,Y,0
C-0083,FLANGE-ONE PIECE,CP-019,boss,2.093,N,Y,0
C-0084,FLANGE,CP-019,boss,2.601,N,Y,0
C-0085,BOSS-FITTING,OTHER,other,0.079,N,N,0
C-0086,FLANGE,CP-003,straight,0.65,N,Y,28
C-0087,FLANGE,OTHER,other,7.26,N,N,0
C-0088,FLANGE,OTHER,other,6.35,N,N,0
C-0089,FLANGE,OTHER,other,0.06,N,N,0
C-0090,ELBOW-HYDRAULIC,CP-011,elbow,1.159,N,Y,94
C-0091,COUPLING-PERM,OTHER,other,0.164,N,N,0
C-0092,FLANGE,OTHER,other,0.09,N,N,0
C-0093,FLANGE,CP-003,straight,0.332,N,Y,28
C-0094,ELBOW,CP-010,elbow,0.61,Y,Y,65.5
C-0095,NUT,CP-025,nut,0.046,N,N,23.5
C-0096,SLEEVE,CP-024,sleeve,0.006,N,N,8.5
C-0097,NUT-SWIVEL,CP-025,nut,0.027,N,N,17
C-0098,FLANGE,OTHER,other,0.236,N,N,0
C-0099,FLANGE,OTHER,other,0.219,N,N,0
C-0100,FLANGE,OTHER,other,3.289,N,N,0
C-0101,SLEEVE,CP-024,sleeve,0.01,N,N,10.5
C-0102,NUT-SWIVEL,CP-025,nut,0.027,N,N,20
C-0103,BLOCK,OTHER,other,1.457,N,N,0
C-0104,BLOCK,CP-008,elbow,1.496,N,Y,78.5
C-0105,ELBOW-BRAZE,CP-008,elbow,9.6,N,Y,100
C-0106,ELBOW-BRAZE,CP-008,elbow,9.6,N,Y,100
C-0107,ELBOW-900 3/4,CP-008,elbow,0.682,N,Y,70
C-0108,FLANGE,OTHER,other,0.13,N,N,0
C-0109,PLATE,OTHER,other,0.063,N,N,0
C-0110,FLANGE-ONE PIECE,CP-002,straight,1.097,N,Y,28
C-0111,BOSS,CP-018,boss,0.1,Y,Y,0
C-0112,FLANGE,OTHER,other,0.901,N,N,0
C-0113,TUBE,OTHER,other,3.416,N,N,0
C-0114,TUBE,OTHER,other,2.927,N,N,0
C-0115,FLANGE,CP-003,straight,0.43,N,Y,28
C-0116,PLATE-FLANGE,OTHER,other,0.1,N,N,0
C-0117,BOSS,CP-018,boss,0.081,N,Y,0
C-0118,FLANGE,OTHER,other,0.25,N,N,0
C-0119,FITTING,CP-015,threaded,0.205,N,Y,38.5
C-0120,ADAPTER,OTHER,other,0.029,N,N,0
C-0121,ADAPTER-O LINE,OTHER,other,0.227,N,N,0
C-0122,HEAD-FLANGED,CP-006,straight,0.08,N,N,19.05
C-0123,ADAPTER-OIL LIN,OTHER,other,0.566,N,N,0
C-0124,COUPLING AS-PERM,OTHER,other,0.143,N,N,0
C-0125,COUPLING AS-PERM,OTHER,other,0.165,N,N,0
C-0126,COUPLING AS-PERM,OTHER,other,0.162,N,N,0
C-0127,COUPLING AS-PERM,OTHER,other,0.166,N,N,0
C-0128,COUPLING AS-PER,OTHER,other,0.158,N,N,0
C-0129,ELBOW-OIL INLET,OTHER,other,0.25,N,N,0
C-0130,FLANGE,OTHER,other,0.49,N,N,0
C-0131,FLANGE,CP-003,straight,0.825,Y,Y,28
C-0132,HEAD-FLANGED,CP-006,straight,0.25,N,N,22.23
C-0133,CONNECTOR,CP-014,threaded,0.142,Y,N,70
C-0134,NUT-SWIVEL,CP-025,nut,0.016,N,N,15
C-0135,ELBOW-AFTCLR,OTHER,other,1.5,N,N,0
C-0136,FLANGE AS.,OTHER,other,0.25,N,N,0
C-0137,FLANGE,CP-003,straight,0.5,Y,Y,28
C-0138,FLANGE,CP-003,straight,0.56,N,Y,28
C-0139,FLANGE,OTHER,other,1.548,N,N,0
C-0140,ELBOW,CP-010,elbow,0.28,Y,Y,54.12
C-0141,PLATE,CP-004,straight,0.336,N,Y,28
C-0142,FLANGE,CP-006,straight,0.19,N,N,28
C-0143,ELBOW-HYDRAULIC,CP-011,elbow,9.5,Y,Y,153
C-0144,HASP AS,OTHER,other,0.061,N,N,0
C-0145,PLATE AS,OTHER,other,0.117,N,N,0
C-0146,FLANGE,CP-004,straight,0.127,N,Y,28
C-0147,FLANGE,CP-003,straight,1.3,Y,Y,28
C-0148,ELBOW,OTHER,other,0.375,N,N,0
C-0149,ORIFICE,OTHER,other,0.084,N,N,0
C-0150,FLANGE,CP-003,straight,0.105,N,Y,28
C-0151,BOSS,CP-018,boss,0.047,Y,Y,0
C-0152,ELBOW-HYDRAULIC,CP-008,elbow,4.987,Y,Y,110
C-0153,TUBE AS,OTHER,other,1.161,N,N,0
C-0154,FLANGE-ONE PIEC,CP-002,straight,0.972,N,Y,28
C-0155,PLATE,OTHER,other,0.098,N,N,0
C-0156,FLANGE,CP-002,straight,1.251,Y,Y,28
C-0157,FLANGE-ONE PIEC,CP-002,straight,0.801,N,Y,28
C-0158,FLANGE,CP-004,straight,0.097,N,Y,28
C-0159,CONNECTOR,CP-016,threaded,0.667,N,Y,38.5
C-0160,ELBOW,CP-009,elbow,1.004,N,Y,63
C-0161,BLOCK,CP-020,boss,0.559,N,Y,0
C-0162,FLANGE,CP-003,straight,2.725,N,Y,28
C-0163,ELBOW-HYDRAULIC,CP-011,elbow,1.415,N,Y,100
C-0164,ADAPTER,OTHER,other,0.179,N,N,0
C-0165,BOSS-FITTING,CP-018,boss,0.046,N,Y,0
C-0166,FLANGE,CP-004,straight,0.11,N,Y,28
C-0167,FLANGE-O FILLER,OTHER,other,0.27,N,N,0
C-0168,ADAPTER,OTHER,other,0.418,N,N,0
C-0169,FLANGE,CP-008,elbow,9.805,N,Y,190.55
C-0170,FLANGE,CP-004,straight,0.09,N,Y,28
C-0171,BOSS,OTHER,other,0.234,N,N,0
C-0172,FLANGE,CP-004,straight,0.191,N,Y,28
C-0173,CONNECTOR,CP-014,threaded,0.14,N,N,43.5
C-0174,FLANGE-ONE PIECE,CP-002,straight,2.07,N,Y,28
C-0175,ELBOW-HYDRAULIC,CP-011,elbow,1.347,N,Y,84
C-0176,UNION-TUBE,OTHER,other,0.476,N,N,0
C-0177,BOSS,CP-018,boss,0.122,Y,Y,0
C-0178,ADAPTER,CP-014,threaded,0.511,N,N,50
C-0179,UNION-BRAZE,CP-014,threaded,0.104,N,N,38.5
C-0180,UNION-BRAZE,CP-014,threaded,0.144,N,N,33.5
C-0181,UNION-BRAZE,CP-014,threaded,0.218,N,N,38.5
C-0182,UNION-BRAZE,CP-014,threaded,0.269,N,N,38.5
C-0183,ELBOW,OTHER,other,0.795,N,N,0
C-0184,PLATE,OTHER,other,0.323,N,N,0
C-0185,PLATE,OTHER,other,0.064,N,N,0
C-0186,SLEEVE-ORFS,CP-024,sleeve,0.024,N,N,15.5
C-0187,ELBOW,CP-008,elbow,1.17,N,Y,85
C-0188,ELBOW,CP-008,elbow,1.5,N,Y,127
C-0189,ELBOW,CP-015,threaded,0.07,N,Y,38.5
C-0190,FLANGE,CP-002,straight,1.035,Y,Y,28
C-0191,FLANGE,CP-004,straight,0.407,N,Y,28
C-0192,ELBOW-HYDRAULIC,CP-008,elbow,1.433,N,Y,77.2
C-0193,FLANGE,CP-003,straight,0.625,N,Y,28
C-0194,FLANGE,OTHER,other,4.1,N,N,0
C-0195,FLANGE,OTHER,other,3,N,N,0
C-0196,FLANGE,OTHER,other,5.7,N,N,0
C-0197,FLANGE,OTHER,other,3.81,N,N,0
C-0198,FLANGE,OTHER,other,2.82,N,N,0
C-0199,COUPLET-WELD,CP-018,boss,0.1,Y,Y,0
C-0200,BOSS-WELD,OTHER,other,0.223,N,N,0
C-0201,PLATE,OTHER,other,0.36,N,N,0
C-0202,FLANGE,CP-004,straight,0.278,N,Y,28
C-0203,PLATE,OTHER,other,0.295,N,N,0
C-0204,PLATE,OTHER,other,0.088,N,N,0
C-0205,FLANGE,CP-002,straight,0.807,Y,Y,28
C-0206,BLOCK-HYD,OTHER,other,1.603,N,N,0
C-0207,ELBOW-HYDRAULIC,CP-011,elbow,1.304,N,Y,88
C-0208,CONNECTOR-WELD,CP-018,boss,0.023,N,Y,0
C-0209,CONNECTOR-WELD,CP-018,boss,0.022,N,Y,0
C-0210,ELBOW,CP-015,threaded,0.211,N,Y,38.5
C-0211,ELBOW,CP-015,threaded,0.243,N,Y,38.5
C-0212,ELBOW,CP-015,threaded,0.633,N,Y,38.5
C-0213,CONNECTOR-WELD,CP-018,boss,0.159,N,Y,0
C-0214,CONNECTOR-WELD,CP-018,boss,0.059,N,Y,0
C-0215,CONNECTOR-WELD,CP-018,boss,0.033,N,Y,0
C-0216,CONNECTOR,CP-014,threaded,0.034,N,N,20.32
C-0217,CONNECTOR,CP-014,threaded,0.054,N,N,23.62
C-0218,CONNECTOR,CP-014,threaded,0.082,N,N,27.69
C-0219,FLANGE-SPECIAL,CP-001,straight,1.171,Y,Y,28
C-0220,FLANGE,CP-001,straight,0.97,Y,Y,28
C-0221,FLANGE,CP-001,straight,0.795,Y,Y,28
C-0222,MANIFOLD,OTHER,other,9.456,N,N,0
C-0223,TEE-ORFS TO BRA,CP-016,threaded,0.56,N,Y,38.5
C-0224,BOSS,OTHER,other,0.28,N,N,0
C-0225,NUT-FLARED,OTHER,other,0.07,N,N,0
C-0226,SLEEVE-FLARED,CP-024,sleeve,0.06,N,N,12.7
C-0227,NUT,OTHER,other,0.07,N,N,0
C-0228,SLEEVE,CP-024,sleeve,0.06,N,N,16.8
C-0229,FLANGE,CP-004,straight,0.18,N,Y,28
C-0230,TUBE AS,OTHER,other,0.216,N,N,0
C-0231,FLANGE,CP-004,straight,0.23,N,Y,28
C-0232,BOSS,OTHER,other,0.073,N,N,0
C-0233,TUBE,OTHER,other,0.163,N,N,0
C-0234,PLATE,OTHER,other,0.15,N,N,0
C-0235,PIPE,OTHER,other,4.337,N,N,0
C-0236,GUSSET,OTHER,other,0.036,N,N,0
C-0237,HEAD FLANGED,CP-006,straight,0.172,N,N,28
C-0238,0,CP-011,elbow,1.121,N,Y,94
C-0239,REDUCER,OTHER,other,0.852,N,N,0
C-0240,UNION-BRAZE,CP-014,threaded,0.195,N,N,38
C-0241,PLUG AS-HSH-STO,OTHER,other,0.118,N,N,0
C-0242,BOSS,CP-018,boss,0.08,Y,Y,0
C-0243,FLANGE,CP-019,boss,4.034,N,Y,0
C-0244,FLANGE,CP-003,straight,2.127,N,Y,28
C-0245,COUPLET-WELD,CP-018,boss,0.1,Y,Y,0
C-0246,FLANGE,CP-004,straight,0.08,N,Y,28
C-0247,FLANGE-ONE PIEC,CP-003,straight,2.25,N,Y,28
C-0248,PLATE,OTHER,other,0.248,N,N,0
C-0249,PLATE,OTHER,other,0.229,N,N,0
C-0250,FLANGE-ONE PIEC,CP-003,straight,2.46,N,Y,28
C-0251,COLLAR,OTHER,other,0.041,N,N,0
C-0252,NUT-FUEL INJ,OTHER,other,0.025,N,N,0
C-0253,CONNECTOR-ORFS,CP-014,threaded,0.2,N,N,30.5
C-0254,FLANGE,CP-010,elbow,0.486,Y,Y,43
C-0255,BOSS,CP-018,boss,0.127,Y,Y,0
C-0256,TUBE,OTHER,other,0.597,N,N,0
C-0257,FLANGE,CP-019,boss,1.63,N,Y,0
C-0258,BOSS,CP-018,boss,0.192,Y,Y,0
C-0259,ELBOW,CP-008,elbow,1.836,N,Y,82.5
C-0260,BOSS,CP-018,boss,0.186,Y,Y,0
C-0261,NUT-ORFS,CP-025,nut,0.153,N,N,27.8
C-0262,BOSS,CP-018,boss,0.158,Y,Y,0
C-0263,ELBOW-90 DEG,CP-015,threaded,0.525,N,Y,38.5
C-0264,ELBOW-90 DEG,CP-015,threaded,0.525,N,Y,38.5
C-0265,FLANGE,OTHER,other,4.59,N,N,0
C-0266,FLANGE,CP-008,elbow,4.308,N,Y,85
C-0267,COUPLING AS.,OTHER,other,0.13,N,N,0
C-0268,FLANGE-ONE PIEC,CP-003,straight,2.91,N,Y,28
C-0269,FLANGE,CP-019,boss,3.361,N,Y,0
C-0270,SPACER,OTHER,other,0.037,N,N,0
C-0271,TEE-HYDRAULIC,OTHER,tee,1.526,N,Y,93
C-0272,UNION-BRAZE,CP-014,threaded,0.104,N,N,38.5
C-0273,ELBOW-HYDRAULIC,CP-008,elbow,1.181,N,Y,78
C-0274,BOSS,CP-018,boss,0.378,Y,Y,0
C-0275,FLANGE-ONE PIECE,CP-003,straight,3.268,N,Y,28
C-0276,MANIFOLD,OTHER,other,4.59,N,N,0
C-0277,MANIFOLD-FUEL,OTHER,other,3.5,N,N,0
C-0278,CONNECTOR-WELD,CP-018,boss,0.015,N,Y,0
C-0279,TUBE,OTHER,other,0.908,N,N,0
C-0280,TUBE AS.,OTHER,other,0.614,N,N,0
C-0281,HOSE AS.,OTHER,other,0.118,N,N,0
C-0282,TUBE AS.,OTHER,other,0.25,N,N,0
C-0283,HOSE AS.,OTHER,other,0.108,N,N,0
C-0284,ELBOW-HYDRAULIC,CP-011,elbow,2.258,N,Y,108
C-0285,ELBOW-HYDRAULIC,CP-011,elbow,5.307,Y,Y,142
C-0286,NUT-WELD,OTHER,other,0.006,N,N,0
C-0287,NUT-WELD,OTHER,other,0.01,N,N,0
C-0288,NUT-WELD,OTHER,other,0.007,N,N,0
C-0289,TUBE,OTHER,other,1.12,N,N,0
C-0290,TUBE AS.,OTHER,other,0.408,N,N,0
C-0291,TUBE AS.,OTHER,other,0.559,N,N,0
C-0292,FLANGE,CP-004,straight,0.115,N,Y,28
C-0293,HEAD-FLANGED,OTHER,other,0.15,N,N,0
C-0294,BLOCK,OTHER,other,0.444,N,N,0
C-0295,FLANGE,CP-004,straight,0.53,N,Y,28
C-0296,ELBOW,CP-010,elbow,2.189,Y,Y,90.4
C-0297,TUBE,OTHER,other,1.165,N,N,0
C-0298,BRACKET,OTHER,other,0.096,N,N,0
C-0299,TUBE,OTHER,other,0.331,N,N,0
C-0300,BRACKET,OTHER,other,0.068,N,N,0
C-0301,BLOCK,OTHER,other,1.64,N,N,0
C-0302,PLUG AS-LD STOR,OTHER,other,0.015,N,N,0
C-0303,ELBOW,CP-008,elbow,2.179,N,Y,134.9
C-0304,FLANGE,OTHER,other,1.035,N,N,0
C-0305,PLATE,OTHER,other,0.459,N,N,0
C-0306,FLANGE,CP-003,straight,1.062,N,Y,28
C-0307,CONNECTOR-SEAL,CP-019,boss,1.05,N,Y,0
C-0308,NUT-FLARED,CP-026,nut,0.037,N,N,24.6
C-0309,SLEEVE-FLARED,CP-024,sleeve,0.001,N,N,16.8
C-0310,SPACER,OTHER,other,0.283,N,N,0
C-0311,ADAPTER-INLET,OTHER,other,0.578,N,N,0
C-0312,ADAPTER-INLET,OTHER,other,0.368,N,N,0
C-0313,SLEEVE,OTHER,other,1.169,N,N,0
C-0314,ADAPTER,OTHER,other,0.25,N,N,0
C-0315,BOSS,CP-027,nut,0.203,N,N,40
C-0316,ELBOW,OTHER,other,0.792,N,N,0
C-0317,ADAPTER,OTHER,other,0.776,N,N,0
C-0318,CONNECTOR,CP-014,threaded,0.038,N,N,23.1
C-0319,ELBOW,OTHER,other,0.778,N,N,0
C-0320,PLUG,CP-012,elbow,0.639,N,N,37
C-0321,BOSS,CP-027,nut,0.02,N,N,15
C-0322,PLUG AS.,OTHER,other,0.178,N,N,0
C-0323,FLANGE,OTHER,other,1.6,N,N,0
C-0324,PLUG AS.,OTHER,other,0.319,N,N,0
C-0325,FLANGE,CP-003,straight,1.44,N,Y,28
C-0326,PLATE,OTHER,other,0.336,N,N,0
C-0327,TUBE,OTHER,other,7.304,N,N,0
C-0328,TUBE AS.,OTHER,other,0.679,N,N,0
C-0329,ELBOW,OTHER,other,6.8,N,N,0
C-0330,ELBOW,OTHER,other,1,N,N,0
C-0331,MANIFOLD,CP-008,elbow,6.245,N,Y,100
C-0332,HEAD-FLANGED,CP-006,straight,0.008,N,N,17.53
C-0333,HEAD-FLANGED,CP-006,straight,0.136,N,N,28
C-0334,HEAD-FLANGED,CP-006,straight,0.104,N,N,28
C-0335,HEAD-FLANGED,CP-006,straight,0.09,N,N,28
C-0336,NUT-37 DEG FLARE,CP-026,nut,0.045,N,N,24.6
C-0337,NUT-ORFS,CP-025,nut,0.022,N,N,16
C-0338,ELBOW-WELD,CP-015,threaded,0.29,N,Y,38.5
C-0339,TEE-ORFS TO WEL,CP-016,threaded,0.32,N,Y,38.5
C-0340,ELBOW,OTHER,other,0.29,N,N,0
C-0341,PLATE,OTHER,other,0.067,N,N,0
C-0342,FLANGE,CP-002,straight,1.589,N,Y,28
C-0343,FLANGE-ONE PIECE,CP-003,straight,0.813,N,Y,28
C-0344,FLANGE,CP-003,straight,1.297,N,Y,28
C-0345,BOSS,CP-027,nut,0.04,N,N,23
C-0346,PLATE,OTHER,other,0.04,N,N,0
C-0347,CAP-A/C,OTHER,other,0.002,N,N,0
C-0348,CONNECTOR-WELD,CP-018,boss,0.045,Y,Y,0
C-0349,FLANGE-PIPE,OTHER,other,2,N,N,0
C-0350,PIPE,OTHER,other,1,N,N,0
C-0351,PLATE AS,OTHER,other,2.16,N,N,0
C-0352,PLATE,OTHER,other,0.39,N,N,0
C-0353,PIPE,OTHER,other,0.326,N,N,0
C-0354,BUSHING-REDUCING,CP-028,adaptor,0.136,N,N,36.3
C-0355,PLATE,OTHER,other,1.2,N,N,0
C-0356,BOSS,CP-018,boss,0.12,Y,Y,0
C-0357,FLANGE,OTHER,other,0.55,N,N,0
C-0358,BOSS,CP-018,boss,0.154,Y,Y,0
C-0359,FLANGE-ONE PIECE,CP-002,straight,1.044,N,Y,28
C-0360,FLANGE,CP-003,straight,1.325,Y,Y,28
C-0361,CONNECTOR-O-RIN,CP-028,adaptor,0.005,N,N,41
C-0362,FLANGE,CP-004,straight,0.32,N,Y,28
C-0363,CONNECTOR,CP-014,threaded,0.175,N,N,72.5
C-0364,FLANGE,OTHER,other,0.147,N,N,0
C-0365,FLANGE,OTHER,other,0.125,N,N,0
C-0366,FLANGE,OTHER,other,0.112,N,N,0
C-0367,ELBOW,CP-009,elbow,1.093,N,Y,63
C-0368,ADAPTER,OTHER,other,0.442,N,N,0
C-0369,TEE,CP-016,threaded,0.253,N,Y,38.5
C-0370,HEAD-FLANGED,CP-006,straight,0.596,N,N,25.4
C-0371,FITTING,CP-016,threaded,0.842,N,Y,38.5
C-0372,BRACKET,OTHER,other,0.049,N,N,0
C-0373,ADAPTER,OTHER,other,0.105,N,N,0
C-0374,COUPLING AS,OTHER,other,0.735,N,N,0
C-0375,NUT-DIRECT INJ,OTHER,other,0.019,N,N,0
C-0376,FLANGE,OTHER,other,0.124,N,N,0
C-0377,VALVE CORE,OTHER,other,0.064,N,N,0
C-0378,VALVE BODY,OTHER,other,0.094,N,N,0
C-0379,TUBE,OTHER,other,3.7,N,N,0
C-0380,FLANGE,CP-003,straight,0.928,Y,Y,28
C-0381,TUBE,OTHER,other,3.855,N,N,0
C-0382,PLUG AS-STOR,OTHER,other,0.186,N,N,0
C-0383,FLANGE,OTHER,other,2.892,N,N,0
C-0384,TUBE,OTHER,other,7.207,N,N,0
C-0385,FLANGE,CP-004,straight,0.732,Y,Y,28
C-0386,HEAD-O-RING SEAL,CP-014,threaded,0.543,N,N,42.7
C-0387,FLANGE,CP-019,boss,0.939,N,Y,0
C-0388,CONNECTOR-BHD,CP-014,threaded,0.078,N,N,45.9
C-0389,CONNECTOR-BHD,CP-014,threaded,0.15,N,N,48.4
C-0390,NUT-SWIVEL,CP-025,nut,0.034,N,N,21
C-0391,SLEEVE-90 DEG,CP-024,sleeve,0.009,N,N,10.5
C-0392,HEAD-FLANGE,CP-006,straight,0.14,N,N,28
C-0393,BOSS,CP-018,boss,0.06,Y,Y,0
C-0394,ELBOW-HYDRAULIC,CP-008,elbow,2.46,N,Y,88
C-0395,PLATE,OTHER,other,0.05,N,N,0
C-0396,FLANGE,OTHER,other,0.352,N,N,0
C-0397,ORIFICE AS.-A/C,OTHER,other,0.004,N,N,0
C-0398,FLANGE,CP-004,straight,0.078,N,Y,28
C-0399,TEE,CP-016,threaded,0.169,N,Y,38.5
C-0400,FLANGE-ONE PIECE,CP-003,straight,1.547,N,Y,28
C-0401,ELBOW-HYDRAULIC,CP-008,elbow,1.095,Y,Y,85.3
C-0402,BLOCK-DRAIN,OTHER,other,2.022,N,N,0
C-0403,BOSS,CP-003,straight,2.59,N,Y,28
C-0404,SLEEVE,OTHER,other,10.56,N,N,0
C-0405,BOSS,CP-018,boss,0.05,Y,Y,0
C-0406,FLANGE-ONE PIEC,CP-003,straight,2.199,N,Y,28
C-0407,ELBOW-HYDRAULIC,CP-008,elbow,2.38,Y,Y,92
C-0408,TEE-HYDRAULIC,OTHER,other,2.26,N,N,0
C-0409,CONNECTOR-SWIVEL,CP-014,threaded,0.15,N,N,45
C-0410,CONNECTOR-SWIVEL,CP-014,threaded,0.11,N,N,44
C-0411,CONNECTOR-WELD,CP-018,boss,0.034,N,Y,0
C-0412,BOSS,OTHER,other,0.002,N,N,0
C-0413,CONNECTOR,CP-014,threaded,0.04,N,N,23
C-0414,CONNECTOR,CP-014,threaded,0.04,N,N,23
C-0415,CONNECTOR,CP-014,threaded,0.05,N,N,24.5
C-0416,PLATE,OTHER,other,0.06,N,N,0
C-0417,COUPLING AS,CP-014,threaded,0.231,N,N,37
C-0418,CONNECTOR,CP-014,threaded,0.078,N,N,30
C-0419,COUPLING AS,CP-014,threaded,0.231,N,N,37
C-0420,CONNECTOR,CP-014,threaded,0.078,N,N,30
C-0421,ELBOW-O-RING,CP-015,threaded,0.288,Y,Y,38.5
C-0422,WASHER-FUEL LIN,OTHER,other,0.003,N,N,0
C-0423,FLANGE,CP-004,straight,0.16,N,Y,28
C-0424,NUT-WELD,OTHER,other,0.009,N,N,0
C-0425,BOSS,CP-018,boss,0.005,N,Y,0
C-0426,BOSS,CP-018,boss,0.023,N,Y,0
C-0427,SEAL-O RING,OTHER,other,0.001,N,N,0
C-0428,CONNECTOR,CP-028,adaptor,0.032,N,N,26.99
C-0429,ELBOW,OTHER,other,0.015,N,N,0
C-0430,WASHER,OTHER,other,0.222,N,N,0
C-0431,ELBOW,OTHER,other,0.21,N,N,0
C-0432,BOSS,CP-018,boss,0.063,N,Y,0
C-0433,FITTING,OTHER,other,0.25,N,N,0
C-0434,FLANGE,CP-004,straight,0.191,N,Y,28
C-0435,TUBE AS-SUPPLY,OTHER,other,0.5,N,N,0
C-0436,TUBE AS-SUPPLY,OTHER,other,0.5,N,N,0
C-0437,TUBE AS-O SUPPL,OTHER,other,0.25,N,N,0
C-0438,NUT-F INJ LINE,OTHER,other,0.25,N,N,0
C-0439,ADAPTER-O LINE,OTHER,other,0.25,N,N,0
C-0440,ADAPTER,OTHER,other,1.134,N,N,0
C-0441,ADAPTER-O LINE,OTHER,other,0.25,N,N,0
C-0442,ADAPTER-O DRAIN,OTHER,other,0.395,N,N,0
C-0443,NUT-FLARED,CP-028,adaptor,0.032,N,N,22.35
C-0444,NUT-FLARED,CP-026,nut,0.111,N,N,28.7
C-0445,SLEEVE-ORFS,CP-024,sleeve,0.02,N,N,19.8
C-0446,ADAPTER-DRAIN,OTHER,other,0.408,N,N,0
C-0447,ADAPTER-SUPPLY,CP-010,elbow,0.232,Y,Y,53.34
C-0448,NUT-FLARED,CP-026,nut,0.032,N,N,21.6
C-0449,SLEEVE-FLARED,CP-024,sleeve,0.006,N,N,14.2
C-0450,FLANGE-ONE PIEC,CP-002,straight,0.496,N,Y,28
C-0451,FLANGE-ONE PIEC,CP-002,straight,0.693,N,Y,28
C-0452,FLANGE-ONE PIEC,CP-002,straight,0.94,N,Y,28
C-0453,FLANGE-ONE PIEC,CP-002,straight,1.094,N,Y,28
C-0454,FLANGE-CAPTIVE,CP-022,float,0.59,N,N,0
C-0455,FLANGE-CAPTIVE,CP-022,float,0.525,N,N,0
C-0456,HEAD-FLANGED,CP-007,straight,0.175,N,N,28
C-0457,HEAD-FLANGED,CP-007,straight,0.14,N,N,28
C-0458,HEAD-FLANGE,CP-007,straight,0.158,N,N,28
C-0459,HEAD-FLANGED,CP-007,straight,0.175,N,N,28
C-0460,HEAD-FLANGED,CP-007,straight,0.21,N,N,28
C-0461,HEAD-FLANGED,CP-007,straight,0.403,N,N,28
C-0462,HEAD-FLANGED,CP-007,straight,0.28,N,N,28
C-0463,HEAD-FLANGED,CP-007,straight,0.613,N,N,28
C-0464,ELBOW-HYDRAULIC,CP-011,elbow,2.041,N,Y,93
C-0465,FLANGE-ONE PIEC,CP-002,straight,1.347,N,Y,28
C-0466,FLANGE-ONE PIEC,CP-002,straight,0.482,N,Y,28
C-0467,CLAMP,OTHER,other,0.01,N,N,0
C-0468,FLANGE,CP-004,straight,0.09,N,Y,28
C-0469,COLLAR-O-RING,OTHER,other,0.068,N,N,0
C-0470,BLOCK,OTHER,other,3.859,N,N,0
C-0471,FLANGE,CP-004,straight,0.561,N,Y,28
C-0472,BLOCK,OTHER,other,7.5,N,N,0
C-0473,PLATE,OTHER,other,0.084,N,N,0
C-0474,BOSS,CP-018,boss,0.054,N,Y,0
C-0475,BOSS,CP-018,boss,0.05,Y,Y,0
C-0476,ADAPTER,OTHER,other,0.599,N,N,0
C-0477,HASP-OIL FILLER,OTHER,other,0.045,N,N,0
C-0478,NUT-INJ F V,OTHER,other,0.05,N,N,0
C-0479,FLANGE,CP-004,straight,0.06,N,Y,28
C-0480,FLANGE-O SUPPLY,CP-004,straight,0.561,N,Y,28
C-0481,ADAPTER-O DRAIN,OTHER,other,0.25,N,N,0
C-0482,TUBE AS,OTHER,other,0.25,N,N,0
C-0483,BOSS,CP-018,boss,0.08,N,Y,0
C-0484,TUBE-TURBO OIL,OTHER,other,0.502,N,N,0
C-0485,HEAD-FLANGED,CP-006,straight,0.32,N,N,28
C-0486,COUPLET,CP-018,boss,0.114,Y,Y,0
C-0487,TEE-BRAZE,CP-016,threaded,0.669,N,Y,38.5
C-0488,TEE-BRAZE,CP-016,threaded,0.702,N,Y,38.5
C-0489,PLATE,OTHER,other,0.91,N,N,0
C-0490,RING-RETAINING,OTHER,other,0.026,N,N,0
C-0491,ADAPTER,OTHER,other,0.127,N,N,0
C-0492,HEAD-O-RING,CP-006,straight,0.154,N,N,28
C-0493,BOSS,CP-018,boss,0.015,N,Y,0
C-0494,FLANGE,CP-022,float,0.23,N,N,0
C-0495,SADDLE,CP-018,boss,0.083,N,Y,0
C-0496,FLANGE,CP-022,float,0.284,N,N,0
C-0497,BOSS,CP-018,boss,0.052,Y,Y,0
C-0498,HEAD,CP-006,straight,0.172,N,N,28
C-0499,SADDLE,CP-018,boss,0.082,N,Y,0
C-0500,FLANGE,CP-006,straight,0.207,N,N,28
C-0501,ELBOW,CP-008,elbow,3.655,N,Y,96.75
C-0502,CONNECTOR,CP-018,boss,0.269,N,Y,0
C-0503,CONNECTOR,CP-014,threaded,0.525,N,N,48.26
C-0504,BOSS,OTHER,other,0.112,N,N,0
C-0505,ADAPTER,OTHER,other,0.539,N,N,0
C-0506,BOSS,CP-018,boss,0.093,Y,Y,0
C-0507,SCREEN AS.,OTHER,other,0.25,N,N,0
C-0508,FLANGE,CP-021,float,1.144,N,Y,0
C-0509,FLANGE,CP-004,straight,0.345,N,Y,28
C-0510,FLANGE,CP-004,straight,0.3,Y,Y,28
C-0511,ADAPTER,OTHER,other,0.225,N,N,0
C-0512,ANGLE AS,OTHER,other,0.18,N,N,0
C-0513,BLOCK,CP-019,boss,2.14,N,Y,0
C-0514,PLATE AS.,OTHER,other,0.25,N,N,0
C-0515,PLATE,OTHER,other,0.019,N,N,0
C-0516,ELBOW,CP-009,elbow,1.015,N,Y,68
C-0517,ADAPTER,OTHER,other,0.031,N,N,0
C-0518,CONNECTOR,CP-014,threaded,0.04,N,N,23.1
C-0519,PLATE,OTHER,other,0.077,N,N,0
C-0520,BOSS,CP-018,boss,0.021,Y,Y,0
C-0521,ELBOW,CP-015,threaded,0.663,N,Y,38.5
C-0522,HOUSING-BELL,OTHER,other,0.022,N,N,0
C-0523,TUBE AS.,OTHER,other,0.25,N,N,0
C-0524,FLANGE-ONE PIECE,OTHER,other,0.36,N,N,0
C-0525,FLANGE,OTHER,other,2,N,N,0
C-0526,ELBOW,CP-010,elbow,0.544,N,Y,54.1
C-0527,TUBE,OTHER,other,1.903,N,N,0
C-0528,RETAINER,OTHER,other,0.03,N,N,0
C-0529,ADAPTER-EXH PIP,OTHER,other,0.19,N,N,0
C-0530,PLATE,OTHER,other,0.04,N,N,0
C-0531,BLOCK,OTHER,other,0.096,N,N,0
C-0532,FLANGE,CP-006,straight,0.229,N,N,28
C-0533,COUPLING,CP-018,boss,0.026,Y,Y,0
C-0534,BOSS,CP-018,boss,0.217,Y,Y,0
C-0535,TUBE,OTHER,other,0.181,N,N,0
C-0536,SCREEN,OTHER,other,0.16,N,N,0
C-0537,FLANGE,CP-010,elbow,0.42,Y,Y,64
C-0538,FLANGE,CP-004,straight,0.91,Y,Y,28
C-0539,BOSS,CP-018,boss,0.003,Y,Y,0
C-0540,FLANGE-LOWER,OTHER,other,0.251,N,N,0
C-0541,FLANGE,OTHER,other,0.512,N,N,0
C-0542,PLATE,OTHER,other,0.756,N,N,0
C-0543,FLANGE,CP-006,straight,0.224,N,N,28
C-0544,CONNECTOR,CP-018,boss,0.129,N,Y,0
C-0545,COUPLING AS,CP-014,threaded,0.057,N,N,24.5
C-0546,FLANGE,CP-001,straight,1.201,Y,Y,28
C-0547,CONNECTOR-WELD,CP-018,boss,0.012,N,Y,0
C-0548,CONNECTOR-WELD,CP-018,boss,0.059,N,Y,0
C-0549,CONNECTOR-WELD,CP-018,boss,0.059,N,Y,0
C-0550,CONNECTOR-SEAL,CP-014,threaded,0.404,N,N,38.6
C-0551,FLANGE-BRAZE,CP-003,straight,0.442,N,Y,28
C-0552,FLANGE,OTHER,other,0.177,N,N,0
C-0553,BLOCK,OTHER,other,5.724,N,N,0
C-0554,FLANGE,CP-003,straight,2.377,N,Y,28
C-0555,FLANGE,CP-019,boss,1.612,N,Y,0
C-0556,CONNECTOR,CP-018,boss,0.059,N,Y,0
C-0557,PLATE,OTHER,other,1.178,N,N,0
C-0558,COVER,OTHER,other,0.171,N,N,0
C-0559,BRACKET,OTHER,other,0.034,N,N,0
C-0560,TUBE,OTHER,other,0.082,N,N,0
C-0561,FLANGE,OTHER,other,1.044,N,N,0
C-0562,FLANGE,OTHER,other,0.173,N,N,0
C-0563,PLATE,OTHER,other,0.406,N,N,0
C-0564,TUBE,OTHER,other,4.312,N,N,0
C-0565,ELBOW-WELD,CP-009,elbow,1.05,N,Y,63
C-0566,ELBOW-HYDRAULIC,CP-011,elbow,1.4,N,Y,85.5
C-0567,ELBOW-HYDRAULIC,CP-011,elbow,1.52,N,Y,100
C-0568,FLANGE-ONE PIECE,CP-002,straight,1.469,N,Y,28
C-0569,BOSS,CP-018,boss,0.037,N,Y,0
C-0570,RING,OTHER,other,0.008,N,N,0
C-0571,PIPE,OTHER,other,0.896,N,N,0
C-0572,FLANGE-LOOSE,CP-022,float,0.447,N,N,0
C-0573,HEAD-FLAT FACE,CP-006,straight,0.192,N,N,28
C-0574,BLOCK,OTHER,other,0.423,N,N,0
C-0575,BOSS,CP-018,boss,0.075,Y,Y,0
C-0576,CLEAT,OTHER,other,0.019,N,N,0
C-0577,NUT-ORFS,OTHER,other,0.157,N,N,0
C-0578,NUT-ORFS,OTHER,other,0.025,N,N,0
C-0579,NUT-ORFS,CP-025,nut,0.157,N,N,20
C-0580,NUT-ORFS,CP-025,nut,0.109,N,N,26.5
C-0581,NUT-ORFS,OTHER,other,0.123,N,N,0
C-0582,NUT-ORFS,OTHER,other,0.196,N,N,0
C-0583,SLEEVE-REDUCING,OTHER,other,0.101,N,N,0
C-0584,ELBOW-WELD,CP-015,threaded,0.712,N,Y,38.5
C-0585,ELBOW,CP-008,elbow,0.551,N,Y,64.3
C-0586,TUBE AS,OTHER,other,0.614,N,N,0
C-0587,TUBE AS.,OTHER,other,3.207,N,N,0
C-0588,PLATE,OTHER,other,0.62,N,N,0
C-0589,CONNECTOR,OTHER,other,0.157,N,N,0
C-0590,FLANGE-CAPTIVE,OTHER,other,0.279,N,N,0
C-0591,HEAD-FLANGED,CP-006,straight,0.161,Y,N,28
C-0592,TUBE,OTHER,other,1.218,N,N,0
C-0593,FLANGE,OTHER,other,0.372,N,N,0
C-0594,FLANGE,OTHER,other,0.458,N,N,0
C-0595,TUBE,OTHER,other,0.93,N,N,0
C-0596,CONNECTOR,CP-014,threaded,0.055,Y,N,43.7
C-0597,FLANGE,OTHER,other,0.206,N,N,0
C-0598,ELBOW,CP-010,elbow,0.687,N,Y,92
C-0599,FLANGE-ONE PIEC,CP-003,straight,0.447,N,Y,28
C-0600,TEE-BULKHEAD,CP-016,threaded,0.529,Y,Y,38.5
C-0601,FLANGE,CP-003,straight,0.424,N,Y,28
C-0602,FLANGE-ONE PIEC,CP-002,straight,0.752,N,Y,28
C-0603,HEAD-FLANGED,OTHER,other,0.33,N,N,0
C-0604,BRACKET,OTHER,other,0.204,N,N,0
C-0605,TEE-ORFS,CP-017,threaded,0.358,Y,Y,38.5
C-0606,PLATE,CP-004,straight,0.129,N,Y,28
C-0607,TEE,CP-016,threaded,0.5,N,Y,38.5
C-0608,ELBOW-HYDRAULIC,CP-008,elbow,2.22,N,Y,86
C-0609,FLANGE,OTHER,other,0.101,N,N,0
C-0610,TUBE,OTHER,other,0.516,N,N,0
C-0611,TUBE,OTHER,other,0.851,N,N,0
C-0612,BLOCK,CP-003,straight,4.076,Y,Y,28
C-0613,ELBOW-HYDRAULIC,OTHER,other,2.46,N,N,0
C-0614,HEAD-FLANGED,OTHER,other,0.599,N,N,0
C-0615,ELBOW,CP-008,elbow,0.712,N,Y,71.1
C-0616,ELBOW,CP-008,elbow,0.699,N,Y,72.1
C-0617,FLANGE,OTHER,other,0.17,N,N,0
C-0618,FLANGE,CP-003,straight,0.955,N,Y,28
C-0619,FLANGE,CP-002,straight,1.455,N,Y,28
C-0620,BOSS,OTHER,other,0.023,N,N,0
C-0621,HEAD-FLANGE,CP-007,straight,0.56,N,N,36.5
C-0622,HEAD-FLANGED,CP-006,straight,0.435,N,N,19.5
C-0623,ADAPTER-WELD,CP-018,boss,0.021,N,Y,0
C-0624,CONNECTOR-ORFS,CP-018,boss,0.06,N,Y,0
C-0625,MANIFOLD,CP-008,elbow,1.845,N,Y,75
C-0626,FLANGE,OTHER,other,0.15,N,N,0
C-0627,ADAPTER,OTHER,other,0.294,N,N,0
C-0628,HEAD O-RING,CP-006,straight,0.5,N,N,12.7
C-0629,TUBE,OTHER,other,0.21,N,N,0
C-0630,TUBE,OTHER,other,0.177,N,N,0
C-0631,BLOCK,OTHER,other,2.481,N,N,0
C-0632,FLANGE,CP-003,straight,1.368,N,Y,28
C-0633,PLATE,OTHER,other,0.107,N,N,0
C-0634,TUBE,OTHER,other,0.236,N,N,0
C-0635,TUBE,OTHER,other,9.57,N,N,0
C-0636,ADAPTER,OTHER,other,0.094,N,N,0
C-0637,FLANGE,OTHER,other,3.225,N,N,0
C-0638,CONNECTOR,CP-014,threaded,0.401,Y,N,75.5
C-0639,FLANGE,OTHER,other,0.927,N,N,0
C-0640,FLANGE,OTHER,other,0.123,N,N,0
C-0641,FLANGE,CP-019,boss,0.304,N,Y,0
C-0642,FLANGE,OTHER,other,0.846,N,N,0
C-0643,FLANGE,CP-019,boss,3.361,N,Y,0
C-0644,RING,OTHER,other,0.117,N,N,0
C-0645,ADAPTER,OTHER,other,0.226,N,N,0
C-0646,ELBOW-HYDRAULIC,CP-008,elbow,10.19,Y,Y,111
C-0647,TUBE AS-DRAIN,OTHER,other,0.922,N,N,0
C-0648,FLANGE,OTHER,other,0.552,N,N,0
C-0649,FLANGE,OTHER,other,1.349,N,N,0
C-0650,FLANGE,OTHER,other,0.413,N,N,0
C-0651,FITTING,CP-014,threaded,0.968,N,N,72.4
C-0652,FLANGE-WELD,CP-003,straight,0.955,N,Y,28
C-0653,HEAD-O-RING,CP-006,straight,0.061,N,N,12.7
C-0654,ELBOW,OTHER,other,0.663,N,N,0
C-0655,FLANGE,OTHER,other,0.162,N,N,0
C-0656,FLANGE,OTHER,other,0.068,N,N,0
C-0657,PLATE,OTHER,other,0.182,N,N,0
C-0658,PLATE,OTHER,other,0.17,N,N,0
C-0659,PLATE,OTHER,other,0.441,N,N,0
C-0660,TUBE,OTHER,other,0.567,N,N,0
C-0661,STRAP,OTHER,other,0.024,N,N,0
C-0662,PLATE,OTHER,other,0.102,N,N,0
C-0663,TUBE,OTHER,other,3.771,N,N,0
C-0664,TUBE,OTHER,other,0.619,N,N,0
C-0665,TUBE,OTHER,other,1.225,N,N,0
C-0666,TUBE,OTHER,other,2.716,N,N,0
C-0667,CONNECTOR-WELD,OTHER,other,0.25,N,N,0
C-0668,PLATE,OTHER,other,1.028,N,N,0
C-0669,PLATE,OTHER,other,0.369,N,N,0
C-0670,TUBE,OTHER,other,0.208,N,N,0
C-0671,TUBE,OTHER,other,0.194,N,N,0
C-0672,ADAPTER,OTHER,other,0.277,N,N,0
C-0673,ADAPTER,OTHER,other,0.844,N,N,0
C-0674,FLANGE,OTHER,other,0.324,N,N,0
C-0675,FLANGE,OTHER,other,0.323,N,N,0
C-0676,FLANGE,OTHER,other,0.56,N,N,0
C-0677,FLANGE,OTHER,other,0.156,N,N,0
C-0678,BOSS,CP-018,boss,0.112,Y,Y,0
C-0679,FLANGE-4 BOLT,CP-003,straight,0.474,N,Y,28
C-0680,ELBOW,OTHER,other,1.265,N,N,0
C-0681,FLANGE,OTHER,other,0.096,N,N,0
C-0682,ELBOW,OTHER,other,1.258,N,N,0
C-0683,CONNECTOR-ORFS,CP-014,threaded,0.134,N,N,29.7
C-0684,BUSHING,OTHER,other,0.009,N,N,0
C-0685,CAP AS,OTHER,other,0.167,N,N,0
C-0686,TUBE AS.,OTHER,other,0.119,N,N,0
C-0687,BLOCK,OTHER,other,6.804,N,N,0
C-0688,ELBOW,CP-009,elbow,2.651,N,Y,78.5
C-0689,FLANGE-ONE PIEC,OTHER,other,2.053,N,N,0
C-0690,TUBE,OTHER,other,0.692,N,N,0
C-0691,TUBE,OTHER,other,0.273,N,N,0
C-0692,TUBE,OTHER,other,0.109,N,N,0
C-0693,TUBE,OTHER,other,0.189,N,N,0
C-0694,TUBE,OTHER,other,0.799,N,N,0
C-0695,BLOCK,OTHER,other,2.977,N,N,0
C-0696,"COUPLING (1""BSP)",OTHER,other,0.176,N,N,0
C-0697,CONNECTOR-BRAZE,CP-018,boss,0.014,N,Y,0
C-0698,FLANGE-ONE PIEC,CP-004,straight,0.229,N,Y,28
C-0699,BOSS,CP-018,boss,0.044,N,Y,0
C-0700,ADAPTER,CP-018,boss,0.265,N,Y,0
C-0701,ADAPTER,CP-018,boss,0.194,N,Y,0
C-0702,CONNECTOR-BULKH,CP-014,threaded,0.497,N,N,63.3
C-0703,HEAD-FLANGED,CP-006,straight,0.15,N,N,28
C-0704,TUBE,OTHER,other,0.28,N,N,0
C-0705,TUBE,OTHER,other,0.2,N,N,0
C-0706,FLANGE,OTHER,other,1.403,N,N,0
C-0707,FLANGE,OTHER,other,5.542,N,N,0
C-0708,FLANGE,OTHER,other,0.815,N,N,0
C-0709,HEAD-O-RING SEAL,CP-006,straight,0.085,N,N,28
C-0710,FLANGE,OTHER,other,1.303,N,N,0
C-0711,PLATE,OTHER,other,0.493,N,N,0
C-0712,PLATE,OTHER,other,0.184,N,N,0
C-0713,ORIFICE,OTHER,other,0.222,N,N,0
C-0714,TUBE,OTHER,other,0.915,N,N,0
C-0715,ADAPTER - GAGE,OTHER,other,0.131,N,N,0
C-0716,ADAPTER RING,OTHER,other,2.259,N,N,0
C-0717,FLANGE,OTHER,other,0.34,N,N,0
C-0718,CONNECTOR-WELD,OTHER,other,0.021,N,N,0
C-0719,FLANGE AS.,OTHER,other,0.125,N,N,0
C-0720,BOSS,CP-027,nut,0.222,N,N,90
C-0721,TUBE,OTHER,other,2.719,N,N,0
C-0722,PLATE,CP-003,straight,0.72,N,Y,28
C-0723,BOSS,CP-018,boss,0.076,Y,Y,0
C-0724,TUBE-BULK,OTHER,other,0.32,N,N,0
C-0725,BAR,OTHER,other,0.013,N,N,0
C-0726,TUBE,OTHER,other,1.327,N,N,0
C-0727,FLANGE,OTHER,other,2.839,N,N,0
C-0728,ELBOW,OTHER,other,1.009,N,N,0
C-0729,ELBOW,OTHER,other,0.631,N,N,0
C-0730,TUBE,OTHER,other,0.363,N,N,0
C-0731,BLOCK,OTHER,other,1.722,N,N,0
C-0732,FLANGE,CP-004,straight,0.256,N,Y,28
C-0733,ELBOW-HYDRAULIC,OTHER,other,0.25,N,N,0
C-0734,FLANGE,CP-003,straight,1.26,N,Y,28
C-0735,CAP,OTHER,other,0.004,N,N,0
C-0736,PLATE,OTHER,other,1.519,N,N,0
C-0737,FLANGE,CP-003,straight,3,N,Y,28
C-0738,BRACKET,OTHER,other,0.442,N,N,0
C-0739,FLANGE,CP-004,straight,0.258,Y,Y,28
C-0740,CONNECTOR,CP-014,threaded,0.123,Y,N,65.1
C-0741,HEAD-FLANGED,CP-006,straight,0.14,N,N,28
C-0742,ORIFICE,OTHER,other,0.243,N,N,0
C-0743,ORIFICE,OTHER,other,0.063,N,N,0
C-0744,ORIFICE,OTHER,other,0.195,N,N,0
C-0745,ORIFICE,OTHER,other,0.254,N,N,0
C-0746,BRACKET,OTHER,other,0.24,N,N,0
C-0747,HEAD-FLANGE,CP-006,straight,0.224,N,N,28
C-0748,HEAD-FLANGE,CP-006,straight,0.187,N,N,28
C-0749,NUT-ORFS,OTHER,other,0.106,N,N,0
C-0750,FLANGE,CP-004,straight,0.191,N,Y,28
C-0751,FLANGE,OTHER,other,0.68,N,N,0
C-0752,FLANGE,OTHER,other,0.941,N,N,0
C-0753,TUBE,OTHER,other,0.282,N,N,0
C-0754,BOSS,OTHER,other,0.417,N,N,0
C-0755,BOSS,CP-018,boss,2.62,Y,Y,0
C-0756,TUBE,OTHER,other,0.689,N,N,0
C-0757,ELBOW,OTHER,other,0.25,N,N,0
C-0758,TUBE-BAFFLE,OTHER,other,2.011,N,N,0
C-0759,ADAPTER,OTHER,other,0.022,N,N,0
C-0760,SLEEVE-ORFS,OTHER,other,0.009,N,N,0
C-0761,FLANGE,CP-003,straight,1.372,N,Y,28
C-0762,FLANGE,OTHER,other,0.453,N,N,0
C-0763,BLOCK,OTHER,other,6.679,N,N,0
C-0764,COVER,OTHER,other,1.42,N,N,0
C-0765,ADAPTER,OTHER,other,0.323,N,N,0
C-0766,TUBE,OTHER,other,0.432,N,N,0
C-0767,CONNECTOR,OTHER,other,0.224,N,N,0
C-0768,TEE,CP-016,threaded,0.539,N,Y,38.5
C-0769,ELBOW-90°,CP-015,threaded,0.138,N,Y,38.5
C-0770,BLOCK,CP-020,boss,0.987,N,Y,0
C-0771,FLANGE,OTHER,other,1.086,N,N,0
C-0772,FLANGE,OTHER,other,1.938,N,N,0
C-0773,BLOCK,OTHER,other,2.316,N,N,0
C-0774,ADAPTER,OTHER,other,0.062,N,N,0
C-0775,CONNECTOR,CP-014,threaded,0.111,N,N,65.1
C-0776,PLATE,OTHER,other,0.178,N,N,0
C-0777,FLANGE,OTHER,other,0.685,N,N,0
C-0778,FLANGE,CP-004,straight,0.265,N,Y,28
C-0779,FLANGE,OTHER,other,0.37,N,N,0
C-0780,BLOCK,CP-020,boss,0.577,N,Y,0
C-0781,FLANGE,OTHER,other,2.254,N,N,0
C-0782,FLANGE,CP-001,straight,0.788,N,Y,28
C-0783,FLANGE,OTHER,other,1.303,N,N,0
C-0784,ADAPTER,OTHER,other,0.1,N,N,0
C-0785,PLATE,OTHER,other,0.277,N,N,0
C-0786,TUBE,OTHER,other,7.352,N,N,0
C-0787,FLANGE,CP-004,straight,0.07,N,Y,28
C-0788,TUBE AS,OTHER,other,4.134,N,N,0
C-0789,ELBOW,CP-010,elbow,2.319,Y,Y,149.4
C-0790,FLANGE,OTHER,other,0.68,N,N,0
C-0791,CONNECTOR-WELD,CP-018,boss,0.034,N,Y,0
C-0792,FLANGE,CP-003,straight,2.52,N,Y,28
C-0793,FLANGE,CP-019,boss,3.815,N,Y,0
C-0794,ELBOW-HYDRAULIC,OTHER,other,12.03,N,N,0
C-0795,FLANGE,OTHER,other,0.68,N,N,0
C-0796,BLOCK,CP-020,boss,0.987,N,Y,0
C-0797,FLANGE,CP-021,float,1.983,N,Y,0
C-0798,TUBE,OTHER,other,0.198,N,N,0
C-0799,FLANGE,CP-003,straight,1.343,N,Y,28
C-0800,ADAPTER-OIL (GA,OTHER,other,0.024,N,N,0
C-0801,ELBOW-AIR (CRS),OTHER,other,0.122,N,N,0
C-0802,ELBOW,CP-008,elbow,1.418,N,Y,111.9
C-0803,ADAPTER,OTHER,other,0.463,N,N,0
C-0804,FLANGE,CP-019,boss,2.805,N,Y,0
C-0805,TEE-BULKHEAD,CP-016,threaded,1.125,N,Y,38.5
C-0806,TEE,CP-016,threaded,1.007,N,Y,38.5
C-0807,TEE,CP-016,threaded,0.646,N,Y,38.5
C-0808,FLANGE-ONE PIEC,CP-002,straight,1.545,N,Y,28
C-0809,CLEAT,OTHER,other,0.062,N,N,0
C-0810,BLOCK,OTHER,other,2.532,N,N,0
C-0811,BRACKET AS.,OTHER,other,0.25,N,N,0
C-0812,PLATE,OTHER,other,0.85,N,N,0
C-0813,WASHER,OTHER,other,0.001,N,N,0
C-0814,CLAMP-INJ LINE,OTHER,other,0.25,N,N,0
C-0815,CLAMP-INJ LINE,OTHER,other,0.25,N,N,0
C-0816,BOSS,CP-018,boss,0.071,Y,Y,0
C-0817,BOSS,CP-018,boss,0.069,N,Y,0
C-0818,SPACER,OTHER,other,0.081,N,N,0
C-0819,FLANGE,CP-004,straight,0.272,N,Y,28
C-0820,ELBOW,CP-008,elbow,1.95,N,Y,98.55
C-0821,ELBOW,CP-008,elbow,1.982,N,Y,92.4
C-0822,ELBOW,CP-008,elbow,0.7,N,Y,64.3
C-0823,NUT-INV FLARED,CP-028,adaptor,0.014,N,N,16.8
C-0824,CAP-A/C,OTHER,other,0.045,N,N,0
C-0825,ADAPTER,OTHER,other,0.151,N,N,0
C-0826,ELBOW-FLARED,CP-015,threaded,0.182,Y,Y,38.5
C-0827,BOSS,CP-027,nut,0.03,N,N,1
C-0828,HASP-OIL FILLER,OTHER,other,0.036,N,N,0
C-0829,HEAD-FLANGED,CP-007,straight,0.32,N,N,28
C-0830,SLEEVE-FITTING,CP-024,sleeve,0.027,N,N,23.1
C-0831,NUT,CP-026,nut,0.255,N,N,31.2
C-0832,CONNECTOR-FLARED,CP-014,threaded,0.681,N,N,24.4
C-0833,CONNECTOR-FLARE,CP-014,threaded,0.136,N,N,41.1
C-0834,FLANGE,OTHER,other,0.25,N,N,0
C-0835,TUBE,OTHER,other,0.226,N,N,0
C-0836,FLANGE,CP-004,straight,0.561,N,Y,28
C-0837,BOSS,CP-018,boss,0.059,N,Y,0
C-0838,PLATE BLANK,OTHER,other,0.04,N,N,0
C-0839,ELBOW,CP-008,elbow,1.648,N,Y,62
C-0840,FLANGE,CP-003,straight,2.447,N,Y,28
C-0841,TUBE AS,OTHER,other,0.725,N,N,0
C-0842,TUBE AS,OTHER,other,0.25,N,N,0
C-0843,ORIFICE,OTHER,other,0.11,N,N,0
C-0844,PLATE,OTHER,other,0.145,N,N,0
C-0845,TUBE,OTHER,other,4.812,N,N,0
C-0846,FLANGE,CP-004,straight,0.4,N,Y,28
C-0847,TUBE AS,OTHER,other,0.25,N,N,0
C-0848,FLANGE,OTHER,other,1.361,N,N,0
C-0849,CAP AS-O FILLER,OTHER,other,0.237,N,N,0
C-0850,FLANGE,CP-004,straight,0.7,N,Y,28
C-0851,ELBOW,OTHER,other,1.8,N,N,0
C-0852,FLANGE,OTHER,other,0.047,N,N,0
C-0853,GUSSET,OTHER,other,0.509,N,N,0
C-0854,BOSS,CP-018,boss,0.041,N,Y,0
C-0855,SLEEVE-CRIMP,OTHER,other,0.002,N,N,0
C-0856,PLATE,OTHER,other,0.068,N,N,0
C-0857,ROD,OTHER,other,0.396,N,N,0
C-0858,TUBE,OTHER,other,0.983,N,N,0
C-0859,FLANGE,OTHER,other,1.782,N,N,0
C-0860,NIPPLE AS.-90,OTHER,other,0.018,N,N,0
C-0861,NOZZLE,OTHER,other,0.005,N,N,0
C-0862,ORIFICE,OTHER,other,0.278,N,N,0
C-0863,FLANGE,OTHER,other,2.178,N,N,0
C-0864,NIPPLE AS.-45,OTHER,other,0.018,N,N,0
C-0865,NIPPLE AS.-90,OTHER,other,0.019,N,N,0
C-0866,NIPPLE AS.-90,OTHER,other,0.019,N,N,0
C-0867,NIPPLE AS.-45,OTHER,other,0.025,N,N,0
C-0868,NIPPLE AS.-45,OTHER,other,0.022,N,N,0
C-0869,FLANGE,CP-019,boss,1.112,N,Y,0
C-0870,TUBE,OTHER,other,1.232,N,N,0
C-0871,ADAPTER,OTHER,other,0.566,N,N,0
C-0872,NIPPLE-BRAZE,CP-023,hfl,0.01,N,N,0
C-0873,NIPPLE-BRAZE,CP-023,hfl,0.01,N,N,0
C-0874,NIPPLE-BRAZE,CP-023,hfl,0.001,N,N,0
C-0875,FLANGE,CP-004,straight,0.765,N,Y,28
C-0876,FLANGE,OTHER,other,7.92,N,N,0
C-0877,NUT-SWIVEL,OTHER,other,0.01,N,N,0
C-0878,NIPPLE AS.-77,OTHER,other,0.025,N,N,0
C-0879,BRACKET,OTHER,other,0.117,N,N,0
C-0880,FLANGE,CP-002,straight,4.378,N,Y,28
C-0881,FLANGE,CP-002,straight,3.713,N,Y,28
C-0882,ELBOW-SWIVEL,CP-015,threaded,1.05,N,Y,38.5
C-0883,PLATE AS.,OTHER,other,0.08,N,N,0
C-0884,SOCKET,OTHER,other,0.033,N,N,0
C-0885,TUBE AS,OTHER,other,1.23,N,N,0
C-0886,TUBE AS,OTHER,other,1.09,N,N,0
C-0887,TUBE AS,OTHER,other,0.9,N,N,0
C-0888,TUBE AS,OTHER,other,0.785,N,N,0
C-0889,SOCKET,OTHER,other,0.016,N,N,0
C-0890,BOSS,OTHER,other,0.41,N,N,0
C-0891,FLANGE,CP-021,float,0.465,N,Y,0
C-0892,CLEAT,OTHER,other,0.055,N,N,0
C-0893,BOSS,CP-018,boss,0.31,Y,Y,0
C-0894,FLANGE,CP-004,straight,0.156,N,Y,28
C-0895,ELBOW-45° ORFS,CP-015,threaded,0.397,N,Y,38.5
C-0896,COUPLING-PIPE,OTHER,other,0.028,N,N,0
C-0897,COUPLING,OTHER,other,0.241,N,N,0
C-0898,PLATE,OTHER,other,0.005,N,N,0
C-0899,BLOCK,CP-020,boss,0.426,N,Y,0
C-0900,CONNECTOR-BRAZE,CP-014,threaded,0.456,N,N,63.2
C-0901,NUT-37° FLARED,OTHER,other,0.015,N,N,0
C-0902,FLANGE,OTHER,other,5.457,N,N,0
C-0903,BRACKET,OTHER,other,0.528,N,N,0
C-0904,FLANGE,OTHER,other,0.668,N,N,0
C-0905,ELBOW,CP-008,elbow,0.21,N,Y,64.65
C-0906,ADAPTER,OTHER,other,0.087,N,N,0
C-0907,FITTING,OTHER,other,0.02,N,N,0
C-0908,PLATE,OTHER,other,0.16,N,N,0
C-0909,PLATE,OTHER,other,0.034,N,N,0
C-0910,ELBOW,CP-009,elbow,2.543,Y,Y,75
C-0911,CONNECTOR,CP-014,threaded,0.201,N,N,42.5
C-0912,ELBOW-90 DEG,CP-015,threaded,0.458,N,Y,38.5
C-0913,BLOCK CONNECTIO,OTHER,other,0.1,N,N,0
C-0914,BLOCK CONNECTIO,OTHER,other,0.101,N,N,0
C-0915,PIN,OTHER,other,0.006,N,N,0
C-0916,MANIFOLD,OTHER,other,2.74,N,N,0
C-0917,FLANGE-HEAD,CP-006,straight,0.286,N,N,28
C-0918,PLATE AS.,OTHER,other,0.53,N,N,0
C-0919,REQUIREMENTS,OTHER,other,0.25,N,N,0
C-0920,BOSS,CP-018,boss,0.077,N,Y,0
C-0921,BOSS,OTHER,other,0.111,N,N,0
C-0922,CAP-ORIFICE,OTHER,other,0.003,N,N,0
C-0923,HEAD-ADAPTER,OTHER,other,0.102,N,N,0
C-0924,HEAD-ADAPTER,OTHER,other,0.102,N,N,0
C-0925,STUD,OTHER,other,0.018,N,N,0
C-0926,FLANGE,OTHER,other,0.18,N,N,0
C-0927,FLANGE-WELD,CP-001,straight,0.765,Y,Y,28
C-0928,BRACKET,OTHER,other,0.048,N,N,0
C-0929,PLATE,OTHER,other,0.019,N,N,0
C-0930,BOSS,CP-018,boss,0.122,Y,Y,0
C-0931,ELBOW,CP-008,elbow,5.202,Y,Y,110
C-0932,SLEEVE,OTHER,other,0.079,N,N,0
C-0933,PLATE,OTHER,other,1.207,N,N,0
C-0934,PLATE,OTHER,other,0.701,N,N,0
C-0935,NUT-A/C,OTHER,other,0.015,N,N,0
C-0936,HEAD-ADAPTER,OTHER,other,0.015,N,N,0
C-0937,BLOCK CONNECTION,OTHER,other,0.134,N,N,0
C-0938,ADAPTER,CP-014,threaded,0.351,N,N,56.6
C-0939,FLANGE,OTHER,other,0.77,N,N,0
C-0940,FLANGE,CP-003,straight,0.851,N,Y,28
C-0941,FLANGE,CP-001,straight,0.81,N,Y,28
C-0942,FLANGE,CP-003,straight,0.665,N,Y,28
C-0943,FLANGE,CP-008,elbow,1.156,N,Y,86
C-0944,FLANGE,CP-001,straight,0.493,N,Y,28
C-0945,ADAPTER,CP-014,threaded,0.225,N,N,42.4
C-0946,FLANGE,CP-001,straight,1.022,N,Y,28
C-0947,ADAPTER,CP-014,threaded,0.204,N,N,42.9
C-0948,ADAPTER,CP-014,threaded,0.284,N,N,56.6
C-0949,ADAPTER,CP-014,threaded,0.176,N,N,50.7
C-0950,ADAPTER,OTHER,other,0.306,N,N,0
C-0951,ADAPTER,OTHER,other,0.203,N,N,0
C-0952,ADAPTER,OTHER,other,0.213,N,N,0
C-0953,ADAPTER,OTHER,other,0.144,N,N,0
C-0954,FLANGE,OTHER,other,0.567,N,N,0
C-0955,ELBOW-HYDRAULIC,OTHER,other,0.623,N,N,0
C-0956,FLANGE,CP-008,elbow,0.695,N,Y,75
C-0957,ADAPTER,OTHER,other,0.127,N,N,0
C-0958,ADAPTER,OTHER,other,0.095,N,N,0
C-0959,FLANGE,CP-001,straight,0.748,N,Y,28
C-0960,FLANGE,CP-003,straight,0.691,N,Y,28
C-0961,FLANGE,CP-003,straight,0.412,N,Y,28
C-0962,FLANGE,OTHER,other,0.55,N,N,0
C-0963,FLANGE,CP-008,elbow,0.755,N,Y,95
C-0964,ADAPTER,OTHER,other,0.065,N,N,0
C-0965,BOSS,CP-018,boss,0.5,Y,Y,0
C-0966,FLANGE,CP-004,straight,1.535,Y,Y,28
C-0967,BRACKET,OTHER,other,1.138,N,N,0
C-0968,TUBE,OTHER,other,6.596,N,N,0
C-0969,TUBE,OTHER,other,0.284,N,N,0
C-0970,FLANGE-4 BOLT,CP-001,straight,0.001,N,Y,52
C-0971,TEE-ORFS,CP-016,threaded,0.545,N,Y,38.5
C-0972,FLANGE-TIG,CP-009,elbow,1.14,N,Y,70
C-0973,FLANGE-HEAD,CP-006,straight,0.095,N,N,15
C-0974,ELBOW-90,CP-015,threaded,1.17,N,Y,38.5
C-0975,FLANGE,OTHER,other,0.18,N,N,0
C-0976,FLANGE-SPECIAL,CP-001,straight,0.963,Y,Y,28
C-0977,FLANGE,CP-004,straight,0.288,N,Y,28
C-0978,FLANGE-ONE PIECE,CP-003,straight,1.98,N,Y,28
C-0979,ADAPTER,OTHER,other,0.104,N,N,0
C-0980,TUBE,OTHER,other,0.841,N,N,0
C-0981,PLATE,OTHER,other,0.524,N,N,0
C-0982,ELBOW,OTHER,other,0.577,N,N,0
C-0983,TUBE AS,OTHER,other,4.405,N,N,0
C-0984,TUBE AS,OTHER,other,4.427,N,N,0
C-0985,TUBE-WATER,OTHER,other,2.227,N,N,0
C-0986,PLATE,OTHER,other,0.3,N,N,0
C-0987,ELBOW,OTHER,other,0.48,N,N,0
C-0988,FLANGE,OTHER,other,0.355,N,N,0
C-0989,BLOCK,OTHER,other,4.073,N,N,0
C-0990,BLOCK AS,OTHER,other,1.75,N,N,0
C-0991,PLATE-OUTER,OTHER,other,0.813,N,N,0
C-0992,BLOCK,OTHER,other,1.05,N,N,0
C-0993,FLANGE,OTHER,other,0.499,N,N,0
C-0994,FLANGE-ONE-PIEC,CP-003,straight,0.877,Y,Y,28
C-0995,BLOCK,OTHER,other,1.253,N,N,0
C-0996,FLANGE,OTHER,other,1.074,N,N,0
C-0997,FILLER AS,OTHER,other,5.098,N,N,0
C-0998,BLOCK,OTHER,other,6.195,N,N,0
C-0999,ELBOW-HYDRAULIC,CP-008,elbow,1.356,N,Y,76.2
C-1000,ELBOW-90 DEG,OTHER,other,0.293,N,N,0
C-1001,TEE,OTHER,other,0.263,N,N,0
C-1002,PLATE,OTHER,other,0.266,N,N,0
C-1003,TUBE AS,OTHER,other,0.25,N,N,0
C-1004,ELBOW,CP-010,elbow,0.7,Y,Y,86
C-1005,FLANGE-ONE PIEC,CP-002,straight,1.184,N,Y,28
C-1006,ELBOW-HYDRAULIC,CP-011,elbow,2.394,N,Y,109.5
C-1007,TUBE,OTHER,other,0.432,N,N,0
C-1008,ELBOW-CAST,OTHER,other,0.329,N,N,0
C-1009,FLANGE,OTHER,other,1.5,N,N,0
C-1010,FLANGE,OTHER,other,0.333,N,N,0
C-1011,TUBE,OTHER,other,1.607,N,N,0
C-1012,POST,OTHER,other,0.286,N,N,0
C-1013,FITTING-FLANGE,OTHER,other,0.364,N,N,0
C-1014,FLANGE-ONE PIEC,CP-004,straight,1.352,Y,Y,28
C-1015,TUBE,OTHER,other,0.666,N,N,0
C-1016,TUBE,OTHER,other,0.298,N,N,0
C-1017,CONNECTOR-WELD,OTHER,other,0.028,N,N,0
C-1018,CONNECTOR-WELD,OTHER,other,0.074,N,N,0
C-1019,VALVE BODY,OTHER,other,0.005,N,N,0
C-1020,FLANGE,OTHER,other,2.415,N,N,0
C-1021,COUPLING AS,OTHER,other,0.086,N,N,0
C-1022,SPACER,OTHER,other,0.008,N,N,0
C-1023,BRACKET,OTHER,other,0.223,N,N,0
C-1024,ELBOW,CP-009,elbow,1.316,Y,Y,72
C-1025,TUBE,OTHER,other,0.997,N,N,0
C-1026,BRACKET,OTHER,other,1.559,N,N,0
C-1027,FILLER,OTHER,other,0.326,N,N,0
C-1028,TUBE,OTHER,other,1.118,N,N,0
C-1029,BOSS,CP-018,boss,0.411,Y,Y,0
C-1030,FLANGE,OTHER,other,0.803,N,N,0
C-1031,GUSSET,OTHER,other,0.807,N,N,0
C-1032,RING,OTHER,other,0.489,N,N,0
C-1033,RING,OTHER,other,0.394,N,N,0
C-1034,ELBOW-HYDRAULIC,OTHER,other,4.57,N,N,0
C-1035,SLEEVE-REDUCER,CP-024,sleeve,0.017,N,N,12
C-1036,FLANGE,OTHER,other,1.034,N,N,0
C-1037,FITTING,OTHER,other,0.043,N,N,0
C-1038,PLATE,OTHER,other,0.288,N,N,0
C-1039,STEM-BRAZED,CP-023,hfl,0.052,N,N,0
C-1040,SHELL,OTHER,other,0.001,N,N,0
C-1041,STEM-BRAZED,CP-023,hfl,0.065,N,N,0
C-1042,SHELL,OTHER,other,0.003,N,N,0
C-1043,STEM-BRAZED,CP-023,hfl,0.196,N,N,0
C-1044,SHELL,OTHER,other,0.001,N,N,0
C-1045,CONNECTOR-WELD,CP-018,boss,0.01,N,Y,0
C-1046,TEE-HYDRAULIC,OTHER,other,4.814,N,N,0
C-1047,CONNECTOR-WELD,OTHER,other,0.094,N,N,0
C-1048,CONNECTOR-WELD,OTHER,other,0.438,N,N,0
C-1049,BRACKET,OTHER,other,1.182,N,N,0
C-1050,BLOCK,OTHER,other,12.9,N,N,0
C-1051,TUBE,OTHER,other,3.514,N,N,0
C-1052,TUBE,OTHER,other,0.812,N,N,0
C-1053,TUBE,OTHER,other,1.65,N,N,0
C-1054,TUBE,OTHER,other,0.467,N,N,0
C-1055,PLATE,OTHER,other,0.208,N,N,0
C-1056,TUBE AS,OTHER,other,0.031,N,N,0
C-1057,PIPE,OTHER,other,2.619,N,N,0
C-1058,SLEEVE-ORFS,OTHER,other,0.014,N,N,0
C-1059,NUT-ORFS,CP-025,nut,0.052,N,N,24
C-1060,PLATE,OTHER,other,0.033,N,N,0
C-1061,ADAPTER-PIPE,OTHER,other,0.219,N,N,0
C-1062,FLANGE,OTHER,other,0.831,N,N,0
C-1063,PLATE,OTHER,other,0.829,N,N,0
C-1064,TUBE,OTHER,other,5.928,N,N,0
C-1065,BOSS,CP-019,boss,1.494,N,Y,0
C-1066,FLANGE,CP-004,straight,9.693,N,Y,28
C-1067,CONNECTOR,CP-014,threaded,0.005,N,N,63
C-1068,PLATE,OTHER,other,0.245,N,N,0
C-1069,BLOCK,CP-008,elbow,5.36,N,Y,101.6
C-1070,TUBE,OTHER,other,0.97,N,N,0
C-1071,FLANGE,CP-004,straight,0.165,N,Y,28
C-1072,ELBOW-90 DEG,CP-015,threaded,0.097,N,Y,38.5
C-1073,PLATE,OTHER,other,0.031,N,N,0
C-1074,CONNECTOR-BRAZED,CP-024,sleeve,0.006,N,N,13.08
C-1075,PLATE,OTHER,other,0.354,N,N,0
C-1076,ELBOW-HYDRAULIC,OTHER,other,3.4,N,N,0
C-1077,PLATE,OTHER,other,1.169,N,N,0
C-1078,ADAPTER-STR,CP-014,threaded,0.016,N,N,24.4
C-1079,PLATE AS,OTHER,other,0.877,N,N,0
C-1080,ADAPTER-PIPE,OTHER,other,0.592,N,N,0
C-1081,BOSS,OTHER,other,0.056,N,N,0
C-1082,BELLOW AS,OTHER,other,1.954,N,N,0
C-1083,BELLOW AS,OTHER,other,1.693,N,N,0
C-1084,TUBE,OTHER,other,0.602,N,N,0
C-1085,FITTING-BRAZE,OTHER,other,0.129,N,N,0
C-1086,ELBOW,OTHER,other,0.4,N,N,0
C-1087,TUBE,OTHER,other,2.786,N,N,0
C-1088,TUBE,OTHER,other,3.043,N,N,0
C-1089,BOSS,CP-018,boss,0.037,N,Y,0
C-1090,CONNECTOR-WELD,OTHER,other,0.421,N,N,0
C-1091,CONNECTOR-WELD,OTHER,other,0.092,N,N,0
C-1092,CONNECTOR-WELD,OTHER,other,0.238,N,N,0
C-1093,BRACKET,OTHER,other,0.613,N,N,0
C-1094,FLANGE,OTHER,other,0.619,N,N,0
C-1095,ELBOW,OTHER,other,9.97,N,N,0
C-1096,FLANGE,CP-022,float,2.565,N,N,0
C-1097,FLANGE,OTHER,other,0.594,N,N,0
C-1098,BOSS,OTHER,other,0.046,N,N,0
C-1099,ADAPTER,OTHER,other,0.525,N,N,0
C-1100,BOSS-SADDLE,OTHER,other,0.256,N,N,0
C-1101,BOSS-SADDLE,OTHER,other,0.264,N,N,0
C-1102,FLANGE,CP-022,float,4.06,N,N,0
C-1103,COVER,OTHER,other,0.227,N,N,0
C-1104,SCREEN,OTHER,other,0.312,N,N,0
C-1105,SHROUD,OTHER,other,0.111,N,N,0
C-1106,FLANGE,OTHER,other,0.999,N,N,0
C-1107,FLANGE,OTHER,other,1.337,N,N,0
C-1108,TUBE,OTHER,other,4.383,N,N,0
C-1109,FLANGE,OTHER,other,0.873,N,N,0
C-1110,BOSS-SADDLE,OTHER,other,0.072,N,N,0
C-1111,BOSS,OTHER,other,0.226,N,N,0
C-1112,BOSS,OTHER,other,0.146,N,N,0
C-1113,HEAD-FLANGED,CP-006,straight,0.249,N,N,28
C-1114,HOSE,OTHER,other,4.585,N,N,0
C-1115,FLANGE,CP-003,straight,1.97,N,Y,28
C-1116,BOSS,OTHER,other,0.15,N,N,0
C-1117,BOSS,CP-018,boss,0.523,N,Y,0
C-1118,PLATE,OTHER,other,0.027,N,N,0
C-1119,FLANGE,OTHER,other,0.696,N,N,0
C-1120,FLANGE,OTHER,other,0.925,N,N,0
C-1121,FLANGE,OTHER,other,0.49,N,N,0
C-1122,TUBE,OTHER,other,0.461,N,N,0
C-1123,BOSS-SADDLE,CP-018,boss,0.149,N,Y,0
C-1124,BOSS-SADDLE,CP-018,boss,0.08,N,Y,0
C-1125,TUBE,OTHER,other,6,N,N,0
C-1126,FLANGE,OTHER,other,0.249,N,N,0
C-1127,BOSS-SADDLE,CP-018,boss,0.075,N,Y,0
C-1128,TUBE AS-COUPLING,OTHER,other,1.561,N,N,0
C-1129,PLATE,OTHER,other,1.255,N,N,0
C-1130,BOSS,OTHER,other,0.294,N,N,0
C-1131,TUBE,OTHER,other,6.068,N,N,0
C-1132,PLATE,OTHER,other,0.036,N,N,0
C-1133,ADAPTER,OTHER,other,0.3,N,N,0
C-1134,TUBE,OTHER,other,0.854,N,N,0
C-1135,FLANGE,CP-021,float,1.88,N,Y,0
C-1136,CONNECTOR-SEAL,OTHER,other,0.25,N,N,0
C-1137,ADAPTER AS,OTHER,other,0.724,N,N,0
C-1138,ADAPTER,OTHER,other,0.639,N,N,0
C-1139,BOSS,OTHER,other,0.206,N,N,0
C-1140,BOSS,OTHER,other,0.058,N,N,0
C-1141,ADAPTER-PIPE,OTHER,other,0.41,N,N,0
C-1142,FLANGE,OTHER,other,0.612,N,N,0
C-1143,BOSS,OTHER,other,0.057,N,N,0
C-1144,BOSS,OTHER,other,0.093,N,N,0
C-1145,HEAD-FLANGED,CP-006,straight,0.07,N,N,28
C-1146,CAP AS,OTHER,other,0.046,N,N,0
C-1147,PLATE,OTHER,other,0.018,N,N,0
C-1148,ADAPTER,OTHER,other,0.537,N,N,0
C-1149,FLANGE-ONE PIECE,CP-021,float,0.783,N,Y,0
C-1150,PLATE,OTHER,other,0.055,N,N,0
C-1151,PLATE,OTHER,other,0.054,N,N,0
C-1152,ADAPTER,OTHER,other,0.675,N,N,0
C-1153,PLATE,OTHER,other,0.042,N,N,0
C-1154,FLANGE,OTHER,other,1.137,N,N,0
C-1155,FLANGE,OTHER,other,1.806,N,N,0
C-1156,FLANGE,OTHER,other,1.048,N,N,0
C-1157,FLANGE,OTHER,other,1.558,N,N,0
C-1158,PLATE,OTHER,other,0.106,N,N,0
C-1159,BOSS,OTHER,other,0.287,N,N,0
C-1160,FLANGE,OTHER,other,0.237,N,N,0
C-1161,BOSS,OTHER,other,0.321,N,N,0
C-1162,BRACKET,OTHER,other,0.239,N,N,0
C-1163,BRACKET,OTHER,other,0.354,N,N,0
C-1164,TUBE,OTHER,other,0.778,N,N,0
C-1165,TUBE,OTHER,other,1.427,N,N,0
C-1166,CONNECTOR,OTHER,other,0.131,N,N,0
C-1167,BOSS,OTHER,other,0.119,N,N,0
C-1168,FLANGE,OTHER,other,0.373,N,N,0
C-1169,BRACKET,OTHER,other,0.512,N,N,0
C-1170,BOSS-SADDLE,OTHER,other,0.048,N,N,0
C-1171,BOSS-SADDLE,CP-018,boss,0.149,N,Y,0
C-1172,FLANGE,OTHER,other,0.246,N,N,0
C-1173,BRACKET,OTHER,other,0.175,N,N,0
C-1174,FLANGE,OTHER,other,0.812,N,N,0
C-1175,FLANGE,OTHER,other,0.462,N,N,0
C-1176,FLANGE,OTHER,other,0.995,N,N,0
C-1177,FLANGE,OTHER,other,0.741,N,N,0
C-1178,FLANGE,OTHER,other,2.67,N,N,0
C-1179,FLANGE,OTHER,other,4.245,N,N,0
C-1180,FLANGE,OTHER,other,0.459,N,N,0
C-1181,CONNECTOR,OTHER,other,0.28,N,N,0
C-1182,TUBE AS,OTHER,other,0.555,N,N,0
C-1183,FLANGE,OTHER,other,1.482,N,N,0
C-1184,FLANGE,OTHER,other,2.634,N,N,0
C-1185,FLANGE,OTHER,other,2.443,N,N,0
C-1186,BOSS,OTHER,other,0.259,N,N,0
C-1187,FLANGE,OTHER,other,0.955,N,N,0
C-1188,FLANGE,OTHER,other,0.615,N,N,0
C-1189,CONNECTOR,OTHER,other,0.176,N,N,0
C-1190,ADAPTER,OTHER,other,0.375,N,N,0
C-1191,FLANGE,OTHER,other,3.365,N,N,0
C-1192,TUBE (BULK),OTHER,other,0.25,N,N,0
C-1193,TUBE,OTHER,other,0.25,N,N,0
C-1194,COUPLING-PIPE,CP-028,adaptor,0.014,N,N,15
C-1195,COUPLING-PIPE,CP-028,adaptor,0.031,Y,N,30
C-1196,COUPLING-PIPE,CP-028,adaptor,0.095,N,N,40
C-1197,COUPLING-PIPE,CP-028,adaptor,0.091,N,N,41
C-1198,COUPLING-PIPE,CP-028,adaptor,0.181,N,N,51
C-1199,FITTING-TUBE,CP-026,nut,0.023,N,N,52.4
C-1200,NUT-45 (DEG),CP-026,nut,0.025,N,N,23.81
C-1201,NUT-45 (DEG),OTHER,other,0.026,N,N,0
C-1202,NUT-45 (DEG),CP-026,nut,0.045,N,N,41.28
C-1203,FLANGE,CP-003,straight,1.835,N,Y,28
C-1204,FITTING-FILLER,OTHER,other,1.46,N,N,0
C-1205,NUT-FITTING,OTHER,other,0.023,N,N,0
C-1206,SLEEVE-FITTING,OTHER,other,0.005,N,N,0
C-1207,HEAD-FLANGED,CP-007,straight,0.172,N,N,28
C-1208,ELBOW,CP-008,elbow,0.68,Y,Y,61.2
C-1209,ELBOW-90 DEG,CP-015,threaded,0.096,Y,Y,38.5
C-1210,FLANGE-ONE PIEC,CP-002,straight,0.976,N,Y,28
C-1211,CONNECTOR,OTHER,other,0.175,N,N,0
C-1212,FLANGE-ONE PIEC,CP-002,straight,1.815,N,Y,28
C-1213,CAP-A/C,OTHER,other,0.001,N,N,0
C-1214,CAP-A/C,OTHER,other,0.001,N,N,0
C-1215,VALVE AS.-A/C,OTHER,other,0.005,N,N,0
C-1216,VALVE AS.-A/C,OTHER,other,0.005,N,N,0
C-1217,ADAPTER-A/C,OTHER,other,0.077,N,N,0
C-1218,CONNECTOR,CP-014,threaded,0.15,N,N,48.4
C-1219,ELBOW,CP-015,threaded,0.14,N,Y,38.5
C-1220,TEE,OTHER,other,0.275,N,N,0
C-1221,ELBOW-90 DEGREE,CP-015,threaded,0.16,Y,Y,38.5
C-1222,WASHER,OTHER,other,0.018,N,N,0
C-1223,HOOK-S,OTHER,other,0.008,N,N,0
C-1224,FLANGE-ONE PIEC,CP-003,straight,0.081,N,Y,28
C-1225,BOSS,CP-018,boss,0.082,N,Y,0
C-1226,SPACER,OTHER,other,0.021,N,N,0
C-1227,SEAL-O-RING,OTHER,other,0.002,N,N,0
C-1228,SEAL-O-RING,OTHER,other,0.001,N,N,0
C-1229,NUT-FLARED,CP-028,adaptor,0.009,N,N,18.8
C-1230,NUT-FLARED,CP-028,adaptor,0.009,N,N,14.2
C-1231,BOSS,CP-018,boss,0.015,N,Y,0
C-1232,LUG,OTHER,other,0.032,N,N,0
C-1233,BOSS,CP-018,boss,0.058,N,Y,0
C-1234,FLANGE,CP-004,straight,0.533,N,Y,28
C-1235,FLANGE-ONE PIEC,CP-002,straight,0.562,N,Y,28
C-1236,FLANGE-ONE PIECE,CP-002,straight,0.771,N,Y,28
C-1237,TEE-FLARED,OTHER,other,0.409,N,N,0
C-1238,ELBOW-FLARED,CP-015,threaded,0.083,N,Y,38.5
C-1239,ELBOW,CP-010,elbow,0.499,N,Y,60.45
C-1240,HEAD-FLANGED,OTHER,other,0.1,N,N,0
C-1241,BOSS,OTHER,other,0.074,N,N,0
C-1242,HEAD-FLANGED,CP-006,straight,0.233,N,N,22.22
C-1243,NUT,CP-026,nut,0.019,N,N,18.5
C-1244,SLEEVE,CP-024,sleeve,0.005,N,N,12.7
C-1245,FLANGE-WELD,CP-003,straight,0.223,N,Y,28
C-1246,PLUG-ORIFICE,OTHER,other,0.001,N,N,0
C-1247,ELBOW,CP-010,elbow,0.636,Y,Y,76
C-1248,BLOCK,OTHER,other,0.018,N,N,0
C-1249,BRACKET,OTHER,other,0.087,N,N,0
C-1250,PLATE,OTHER,other,0.073,N,N,0
C-1251,FLANGE-CAPTIVE,OTHER,other,0.502,N,N,0
C-1252,TUBE AS,OTHER,other,0.25,N,N,0
C-1253,BAR,OTHER,other,0.094,N,N,0
C-1254,COLLAR,OTHER,other,0.2,N,N,0
C-1255,ELBOW,CP-008,elbow,0.69,N,Y,101.5
C-1256,FITTING,CP-018,boss,0.14,Y,Y,0
C-1257,BOSS,CP-018,boss,0.06,N,Y,0
C-1258,PLATE,OTHER,other,0.075,N,N,0
C-1259,BOSS,CP-018,boss,0.215,N,Y,0
C-1260,BOSS,OTHER,other,0.08,N,N,0
C-1261,BOSS,OTHER,other,0.077,N,N,0
C-1262,FLANGE,OTHER,other,0.907,N,N,0
C-1263,TUBE,OTHER,other,4.633,N,N,0
C-1264,PLATE,OTHER,other,0.209,N,N,0
C-1265,FLANGE-WELD,OTHER,other,3.13,N,N,0
C-1266,FLANGE,OTHER,other,2.102,N,N,0
C-1267,BOSS,OTHER,other,0.173,N,N,0
C-1268,ADAPTER-STR,OTHER,other,0.022,N,N,0
C-1269,FLANGE,OTHER,other,1.463,N,N,0
C-1270,BOSS,OTHER,other,0.198,N,N,0
C-1271,BOSS,OTHER,other,0.205,N,N,0
C-1272,TUBE,OTHER,other,3.353,N,N,0
C-1273,BOSS,OTHER,other,0.095,N,N,0
C-1274,BOSS,OTHER,other,0.115,N,N,0
C-1275,FLANGE,OTHER,other,0.582,N,N,0
C-1276,FLANGE,OTHER,other,0.706,N,N,0
C-1277,FLANGE,OTHER,other,0.232,N,N,0
C-1278,FLANGE,OTHER,other,2.871,N,N,0
C-1279,BOSS,OTHER,other,0.059,N,N,0
C-1280,BOSS,OTHER,other,0.11,N,N,0
C-1281,FLANGE,OTHER,other,1.889,N,N,0
C-1282,BRACKET,OTHER,other,1.132,N,N,0
C-1283,FLANGE,OTHER,other,3.207,N,N,0
C-1284,FLANGE,OTHER,other,0.725,N,N,0
C-1285,FLANGE,OTHER,other,1.219,N,N,0
C-1286,HEAD-FLANGED,OTHER,other,0.599,N,N,0
C-1287,FLANGE,OTHER,other,2.015,N,N,0
C-1288,FLANGE,OTHER,other,0.698,N,N,0
C-1289,FLANGE,OTHER,other,0.699,N,N,0
C-1290,TUBE,OTHER,other,13.77,N,N,0
C-1291,TUBE,OTHER,other,6.927,N,N,0
C-1292,TUBE,OTHER,other,6.259,N,N,0
C-1293,RING,OTHER,other,0.112,N,N,0
C-1294,BOSS,OTHER,other,0.19,N,N,0
C-1295,TUBE,OTHER,other,0.571,N,N,0
C-1296,BRACKET,OTHER,other,0.719,N,N,0
C-1297,FLANGE,OTHER,other,1.554,N,N,0
C-1298,TEE-ORFS BRAZE,OTHER,other,0.576,N,N,0
C-1299,TUBE AS,OTHER,other,0.026,N,N,0
C-1300,FLANGE,OTHER,other,1.734,N,N,0
C-1301,FLANGE,OTHER,other,1.811,N,N,0
C-1302,FLANGE,OTHER,other,0.376,N,N,0
C-1303,FLANGE,OTHER,other,1.763,N,N,0
C-1304,FLANGE,OTHER,other,2.316,N,N,0
C-1305,BOSS,OTHER,other,0.241,N,N,0
C-1306,FLANGE,OTHER,other,0.148,N,N,0
C-1307,BOSS-SADDLE,OTHER,other,0.17,N,N,0
C-1308,BOSS,CP-020,boss,0.454,N,Y,0
C-1309,REDUCER,OTHER,other,0.26,N,N,0
C-1310,WASHER,OTHER,other,0.012,N,N,0
C-1311,RIVET,OTHER,other,0.005,N,N,0
C-1312,NUT-FLARED,CP-028,adaptor,0.009,N,N,14.2
C-1313,NUT-INV FLARED,CP-028,adaptor,0.01,N,N,15.7
C-1314,FLANGE,CP-004,straight,0.405,N,Y,28
C-1315,FLANGE,CP-003,straight,0.561,N,Y,28
C-1316,BOSS,CP-027,nut,0.021,N,N,13
C-1317,ELBOW,CP-008,elbow,0.566,N,Y,52.2
C-1318,BOSS,CP-027,nut,0.048,N,N,39
C-1319,BRACKET,OTHER,other,0.152,N,N,0
C-1320,BOSS,CP-027,nut,0.011,N,N,15
C-1321,PLATE,OTHER,other,0.402,N,N,0
C-1322,FLANGE,OTHER,other,0.074,N,N,0
C-1323,PLUG-CORE,OTHER,other,0.005,N,N,0
C-1324,CLIP,OTHER,other,0.189,N,N,0
C-1325,PIN-SPRING,OTHER,other,0.005,N,N,0
C-1326,FLANGE,CP-001,straight,0.419,N,Y,30
C-1327,ELBOW,CP-009,elbow,1.225,N,Y,69
C-1328,FLANGE-WELD,CP-001,straight,0.383,N,Y,30
C-1329,FLANGE,CP-001,straight,0.346,N,Y,30
C-1330,ANGLE,OTHER,other,0.242,N,N,0
C-1331,FLANGE-ONE PIEC,CP-009,elbow,2.192,N,Y,75.5
C-1332,SLEEVE-ORFS,CP-024,sleeve,0.012,N,N,16.5
C-1333,ELBOW,CP-009,elbow,1.286,N,Y,69
C-1334,ELBOW,CP-009,elbow,1.923,N,Y,74
C-1335,ELBOW,CP-009,elbow,2.821,N,Y,75
C-1336,ELBOW,CP-009,elbow,1.88,N,Y,80
C-1337,ELBOW,CP-009,elbow,1.806,N,Y,75
C-1338,CONNECTOR-WELD,CP-014,threaded,0.146,N,N,40.5
C-1339,ELBOW,CP-008,elbow,0.521,N,Y,41
C-1340,BOSS,CP-018,boss,0.146,Y,Y,0
C-1341,RIVET-POP,OTHER,other,0.001,N,N,0
C-1342,HEAD-FLANGED,CP-006,straight,0.098,N,N,28
C-1343,HEAD-FLANGED,CP-006,straight,0.059,N,N,28
C-1344,HEAD-FLANGED,CP-006,straight,0.136,N,N,19.05
C-1345,FLANGE-ONE PIEC,CP-010,elbow,0.332,N,Y,38.1
C-1346,HEAD-FLANGED,CP-006,straight,0.131,N,N,28
C-1347,HEAD-FLANGED,CP-006,straight,0.59,N,N,28
C-1348,ELBOW,CP-008,elbow,0.654,N,Y,78.1
C-1349,ELBOW,CP-008,elbow,0.636,N,Y,62
C-1350,ELBOW,CP-008,elbow,0.635,N,Y,62.08
C-1351,FLANGE,CP-004,straight,0.174,N,Y,28
C-1352,FLANGE,CP-004,straight,2.56,N,Y,28
C-1353,ELBOW,OTHER,other,0.569,N,N,0
C-1354,FLANGE,CP-004,straight,0.2,N,Y,28
C-1355,ADAPTER,OTHER,other,0.033,N,N,0
C-1356,CLIP,OTHER,other,0.025,N,N,0
C-1357,FLANGE,CP-003,straight,0.62,N,Y,28
C-1358,ADAPTER,OTHER,other,0.25,N,N,0
C-1359,LUG,OTHER,other,0.025,N,N,0
C-1360,TUBE AS,OTHER,other,0.25,N,N,0
C-1361,ADAPTER,OTHER,other,0.25,N,N,0
C-1362,ELBOW,CP-010,elbow,1.1965,Y,Y,38.56
C-1363,ELBOW,CP-010,elbow,1.1965,Y,Y,77.88
C-1364,ELBOW-WATER,OTHER,other,0.25,N,N,0
C-1365,ADAPTER-DRAIN,CP-004,straight,0.104,Y,Y,28
C-1366,ELBOW,OTHER,other,1.64,N,N,0
C-1367,ADAPTER,OTHER,other,0.155,N,N,0
C-1368,FLANGE,CP-004,straight,0.093,N,Y,28
C-1369,COLLAR,OTHER,other,0.003,N,N,0
C-1370,FLANGE,CP-004,straight,0.598,N,Y,28
C-1371,ELBOW,OTHER,other,0.758,N,N,0
C-1372,FLANGE,OTHER,other,0.1,N,N,0
C-1373,FLANGE,CP-004,straight,0.118,N,Y,28
C-1374,NUT,OTHER,other,0.023,N,N,0
C-1375,NUT,OTHER,other,0.041,N,N,0
C-1376,FLANGE,CP-004,straight,0.164,N,Y,28
C-1377,ELBOW,OTHER,other,0.454,N,N,0
C-1378,ELBOW,CP-010,elbow,0.47,Y,Y,91.5
C-1379,NUT-FUEL INJ,OTHER,other,0.025,N,N,0
C-1380,NUT-FLARED,OTHER,other,0.29,N,N,0
C-1381,SLEEVE-FLARED,OTHER,other,0.033,N,N,0
C-1382,NUT-FLARED,OTHER,other,0.025,N,N,0
C-1383,SLEEVE-FLARED,OTHER,other,0.009,N,N,0
C-1384,NUT-FLARED,CP-026,nut,0.074,N,N,25.9
C-1385,NUT-FLARED,OTHER,other,0.014,N,N,0
C-1386,SLEEVE-FLARED,OTHER,other,0.005,N,N,0
C-1387,FITTING,OTHER,other,0.13,N,N,0
C-1388,TUBE-BAFFLE,OTHER,other,2.6,N,N,0
C-1389,ELBOW,CP-008,elbow,0.546,N,Y,61.98
C-1390,FLANGE,CP-003,straight,0.494,N,Y,28
C-1391,ELBOW,OTHER,other,0.75,N,N,0
C-1392,FLANGE-ONE PIEC,CP-004,straight,0.077,N,Y,28
C-1393,FITTING,CP-014,threaded,0.37,Y,N,32
C-1394,HEAD-SEAL,CP-006,straight,0.209,N,N,28
C-1395,TUBE AS-LH,OTHER,other,0.25,N,N,0
C-1396,TUBE AS-RH,OTHER,other,0.25,N,N,0
C-1397,SCREEN,OTHER,other,0.011,N,N,0
C-1398,COLLAR,OTHER,other,0.56,N,N,0
C-1399,FLANGE,OTHER,other,0.15,N,N,0
C-1400,TUBE AS-SUPPLY,OTHER,other,0.332,N,N,0
C-1401,ELBOW,OTHER,other,0.085,N,N,0
C-1402,FLANGE,OTHER,other,1.2,N,N,0
C-1403,WASHER-FUEL INJ,OTHER,other,0.003,N,N,0
C-1404,ELBOW-HYDRAULIC,CP-008,elbow,1.2,N,Y,78
C-1405,ELBOW-HYDRAULIC,CP-008,elbow,1.053,N,Y,78.1
C-1406,HEAD-FLANGED,OTHER,other,0.148,N,N,0
C-1407,FLANGE-ONE PIECE,CP-003,straight,0.561,N,Y,28
C-1408,FLANGE-ONE PIEC,CP-003,straight,0.24,N,Y,28
C-1409,ELBOW-HYDRAULIC,CP-008,elbow,1,N,Y,78
C-1410,BOSS,CP-018,boss,0.005,N,Y,0
C-1411,BOSS,CP-018,boss,0.057,N,Y,0
C-1412,FLANGE,CP-003,straight,1.327,N,Y,28
C-1413,FLANGE,CP-003,straight,1.45,N,Y,28
C-1414,ADAPTER,OTHER,other,0.091,N,N,0
C-1415,FLANGE,CP-004,straight,0.127,N,Y,28
C-1416,ROD,OTHER,other,0.01,N,N,0
C-1417,BOSS,CP-018,boss,0.034,N,Y,0
C-1418,FLANGE-ONE PIEC,CP-004,straight,0.11,N,Y,28
C-1419,ELBOW,CP-008,elbow,1.107,N,Y,93
C-1420,SLEEVE-FITTING,CP-024,sleeve,0.009,N,N,16.8
C-1421,NUT-FITTING,CP-026,nut,0.046,N,N,24.9
C-1422,COUPLING AS,OTHER,other,0.279,N,N,0
C-1423,CONNECTOR,CP-014,threaded,0.17,N,N,42.5
C-1424,COUPLING AS,OTHER,other,0.495,N,N,0
C-1425,FITTING,OTHER,other,0.085,N,N,0
C-1426,FITTING,CP-018,boss,0.071,Y,Y,0
C-1427,PLATE-CONNECTOR,CP-003,straight,0.586,N,Y,28
C-1428,ELBOW,CP-008,elbow,0.475,N,Y,61.2
C-1429,ELBOW,CP-008,elbow,0.726,N,Y,63.3
C-1430,FLANGE,CP-003,straight,0.34,N,Y,28
C-1431,BOSS,CP-018,boss,0.1,Y,Y,0
C-1432,ELBOW,CP-008,elbow,1.606,N,Y,149.23
C-1433,FLANGE-ONE PIECE,CP-002,straight,0.614,N,Y,28
C-1434,FLANGE,CP-003,straight,0.35,N,Y,28
C-1435,NUT-FLARED,CP-028,adaptor,0.023,N,N,20.3
C-1436,STUD-WELD,OTHER,other,0.021,N,N,0
C-1437,FITTING,OTHER,other,1.36,N,N,0
C-1438,PLUG-PIPE,OTHER,other,0.019,N,N,0
C-1439,NUT-FUEL LINE,OTHER,other,0.045,N,N,0
C-1440,FLANGE-ONE PIEC,CP-002,straight,1.171,N,Y,28
C-1441,ADAPTER-O-RING,CP-014,threaded,0.106,N,N,31.8
C-1442,NUT-FLARED,CP-026,nut,0.343,N,N,36.1
C-1443,SLEEVE-FLARED,CP-024,sleeve,0.09,N,N,28.4
C-1444,FLANGE-ONE PIEC,CP-002,straight,2.021,N,Y,28
C-1445,ELBOW-FLARED,CP-015,threaded,0.363,N,Y,38.5
C-1446,FLANGE-ONE PIEC,CP-002,straight,1.273,N,Y,28
C-1447,FLANGE-ONE PIEC,CP-002,straight,0.429,N,Y,28
C-1448,FLANGE-ONE PIEC,CP-002,straight,0.465,N,Y,28
C-1449,HEAD-FLANGE,CP-007,straight,0.42,N,N,28
C-1450,FLANGE-ONE PIEC,CP-002,straight,1.213,N,Y,28
C-1451,HEAD-FLANGE,CP-007,straight,0.35,N,N,28
C-1452,FLANGE-CAPTIVE,CP-022,float,0.276,N,N,0
C-1453,FLANGE-CAPTIVE,CP-022,float,0.389,N,N,0
C-1454,FLANGE-ONE PIEC,CP-002,straight,1.414,N,Y,28
C-1455,FLANGE-ONE PIECE,CP-002,straight,2.072,N,Y,28
C-1456,FLANGE-ONE PIEC,CP-002,straight,2.465,Y,Y,28
C-1457,FLANGE-ONE PIEC,CP-002,straight,1.449,N,Y,28
C-1458,FLANGE-ONE PIEC,CP-002,straight,1.993,N,Y,28
C-1459,FLANGE-ONE PIEC,CP-002,straight,1.354,N,Y,28
C-1460,FLANGE-ONE PIECE,CP-002,straight,1.23,N,Y,28
C-1461,FLANGE-ONE PIEC,CP-002,straight,0.851,N,Y,28
C-1462,FLANGE-ONE PIEC,CP-002,straight,2.067,N,Y,28
C-1463,FLANGE-ONE PIECE,CP-002,straight,1.725,N,Y,28
C-1464,FLANGE-ONE PIEC,CP-002,straight,1.373,N,Y,28
C-1465,FLANGE-ONE PIECE,CP-002,straight,1.811,N,Y,28
C-1466,NUT-A/C,OTHER,other,0.079,N,N,0
C-1467,FLANGE-ONE PIEC,CP-002,straight,0.765,N,Y,28
C-1468,FITTING-A/C,CP-014,threaded,0.128,N,N,18.54
C-1469,NUT-A/C,CP-014,threaded,0.047,N,N,27.43
C-1470,NUT-A/C,CP-014,threaded,0.099,N,N,32.26
C-1471,FLANGE-ONE PIEC,CP-002,straight,0.784,N,Y,28
C-1472,FITTING-A/C,OTHER,other,0.25,N,N,0
C-1473,FITTING-A/C,OTHER,other,0.25,N,N,0
C-1474,NUT-A/C,OTHER,other,0.022,N,N,0
C-1475,NUT-A/C,CP-014,threaded,0.031,N,N,22
C-1476,NUT-A/C,OTHER,other,0.032,N,N,0
C-1477,NUT-A/C,OTHER,other,0.25,N,N,0
C-1478,NUT-A/C,OTHER,other,0.05,N,N,0
C-1479,CONNECTOR,CP-014,threaded,0.061,N,N,71.9
C-1480,ADAPTER-A/C,OTHER,other,0.059,N,N,0
C-1481,ADAPTER-A/C,OTHER,other,0.058,N,N,0
C-1482,HEAD-FLANGED,CP-007,straight,0.14,N,N,28
C-1483,ADAPTER-A/C,OTHER,other,0.25,N,N,0
C-1484,FLANGE-ONE PIEC,CP-002,straight,0.907,N,Y,28
C-1485,WASHER-HARD,OTHER,other,0.009,N,N,0
C-1486,NUT-A/C,CP-014,threaded,0,N,N,33
C-1487,FLANGE-ONE PIEC,CP-002,straight,1.529,N,Y,28
C-1488,ELBOW-HYDRAULIC,CP-011,elbow,1.426,N,Y,85.5
C-1489,BOSS,CP-018,boss,0.04,N,Y,0
C-1490,BOSS,OTHER,other,1,N,N,0
C-1491,FITTING,OTHER,other,0.03,N,N,0
C-1492,FLANGE,CP-004,straight,0.091,N,Y,28
C-1493,HEAD-FLANGED,CP-006,straight,0.09,N,N,19.05
C-1494,HEAD-FLANGED,CP-007,straight,0.119,N,N,28
C-1495,HEAD-FLANGED,CP-007,straight,0.106,N,N,28
C-1496,FLANGE-SADDLE,CP-019,boss,1.023,N,Y,0
C-1497,BRACKET,OTHER,other,0.103,N,N,0
C-1498,BOSS,OTHER,other,0.093,N,N,0
C-1499,FLANGE,OTHER,other,2,N,N,0
C-1500,ELBOW,CP-008,elbow,3.62,N,Y,111.1
C-1501,FLANGE,CP-003,straight,1.2,N,Y,28
C-1502,ADAPTER,OTHER,other,0.418,N,N,0
C-1503,FITTING,CP-018,boss,0.455,Y,Y,0
C-1504,HANGER-COAT,OTHER,other,0.826,N,N,0
C-1505,BOSS,CP-018,boss,0.045,N,Y,0
C-1506,BOSS,CP-018,boss,0.021,N,Y,0
C-1507,BOSS,CP-018,boss,0.15,Y,Y,0
C-1508,PLATE,OTHER,other,0.1,N,N,0
C-1509,BRACKET,OTHER,other,0.2,N,N,0
C-1510,PLATE,OTHER,other,0.19,N,N,0
C-1511,WASHER,OTHER,other,0.035,N,N,0
C-1512,CLEAT,OTHER,other,0.163,N,N,0
C-1513,FLANGE,CP-004,straight,0.561,N,Y,28
C-1514,ELBOW,CP-010,elbow,1.5,Y,Y,76.5
C-1515,SHEET,OTHER,other,0.301,N,N,0
C-1516,BAFFLE,OTHER,other,2.225,N,N,0
C-1517,FLANGE,OTHER,other,0.09,N,N,0
C-1518,FLANGE,CP-004,straight,0.2,N,Y,28
C-1519,WASHER,OTHER,other,0.723,N,N,0
C-1520,FLANGE,CP-003,straight,0.6,N,Y,28
C-1521,FLANGE,OTHER,other,1.298,N,N,0
C-1522,TUBE-BAFFLE,OTHER,other,2.372,N,N,0
C-1523,PLATE,OTHER,other,0.038,N,N,0
C-1524,PLATE,OTHER,other,0.339,N,N,0
C-1525,PLATE,OTHER,other,0.055,N,N,0
C-1526,PLATE,OTHER,other,0.102,N,N,0
C-1527,ELBOW,CP-010,elbow,0.631,N,Y,95.26
C-1528,BOSS,OTHER,other,0.28,N,N,0
C-1529,CONNECTOR,OTHER,other,0.122,N,N,0
C-1530,BOSS,CP-027,nut,0.067,N,N,22.225
C-1531,BODY-RELIEF V,OTHER,other,5,N,N,0
C-1532,FLANGE,OTHER,other,0.291,N,N,0
C-1533,NUT,OTHER,other,0.014,N,N,0
C-1534,FLANGE,CP-003,straight,0.654,N,Y,28
C-1535,BOSS,CP-018,boss,0.052,Y,Y,0
C-1536,BOSS,CP-018,boss,0.052,Y,Y,0
C-1537,FITTING,CP-018,boss,0.084,Y,Y,0
C-1538,ELBOW,CP-010,elbow,0.454,N,Y,55.8
C-1539,ELBOW,CP-008,elbow,0.363,N,Y,51.56
C-1540,CLIP,OTHER,other,0.059,N,N,0
C-1541,CLIP,OTHER,other,0.148,N,N,0
C-1542,ELBOW,CP-008,elbow,0.272,N,Y,53.4
C-1543,FLANGE,CP-004,straight,0.227,N,Y,28
C-1544,HEAD-FLANGED,CP-007,straight,0.133,N,N,25.5
C-1545,HEAD-FLANGED,CP-006,straight,0.244,N,N,17.5
C-1546,ADAPTER-PIPE,CP-028,adaptor,0.026,N,N,26.4
C-1547,CONNECTOR,CP-014,threaded,0.091,N,N,32.5
C-1548,FLANGE-CAPTIVE,OTHER,other,0.363,N,N,0
C-1549,FLANGE,CP-004,straight,0.12,N,Y,28
C-1550,ADAPTER-OIL LIN,OTHER,other,0.236,N,N,0
C-1551,COLLAR,CP-006,straight,0.136,N,N,28
C-1552,FLANGE,CP-003,straight,0.354,N,Y,28
C-1553,HEAD-FLANGED,CP-006,straight,0.176,N,N,28
C-1554,NUT-INJ LINE,OTHER,other,0.045,N,N,0
C-1555,FLANGE,CP-004,straight,0.09,N,Y,28
C-1556,TUBE,OTHER,other,4.175,N,N,0
C-1557,BOSS,CP-018,boss,0.091,N,Y,0
C-1558,PLATE,OTHER,other,2.95,N,N,0
C-1559,ADAPTER,OTHER,other,2.219,N,N,0
C-1560,FLANGE,OTHER,other,6.9,N,N,0
C-1561,ADAPTER,OTHER,other,0.054,N,N,0
C-1562,COVER-FRONT HSG,OTHER,other,0.25,N,N,0
C-1563,CLIP,OTHER,other,0.037,N,N,0
C-1564,CAP AS-FILLER,OTHER,other,0.197,N,N,0
C-1565,ADAPTER-O SUPPL,CP-010,elbow,0.169,Y,Y,66.4
C-1566,ELBOW,CP-010,elbow,0.69,N,Y,92
C-1567,CLIP,OTHER,other,0.022,N,N,0
C-1568,FLANGE,CP-003,straight,1,N,Y,28
C-1569,TUBE AS,OTHER,other,0.25,N,N,0
C-1570,ADAPTER,OTHER,other,0.25,N,N,0
C-1571,SLEEVE,OTHER,other,1.2,N,N,0
C-1572,TUBE AS,OTHER,other,0.25,N,N,0
C-1573,FLANGE,OTHER,other,0.25,N,N,0
C-1574,ORIFICE,OTHER,other,0.098,N,N,0
C-1575,ELBOW,CP-010,elbow,1.44,N,Y,88.9
C-1576,ELBOW,CP-008,elbow,0.723,N,Y,76.1
C-1577,NUT-FLARED,CP-026,nut,0.091,N,N,27.4
C-1578,CONNECTOR,CP-014,threaded,0.091,N,N,50.8
C-1579,BOSS,CP-018,boss,0.114,Y,Y,0
C-1580,BOSS,CP-027,nut,0.021,N,N,20.574
C-1581,TUBE,OTHER,other,3.433,N,N,0
C-1582,PIN,OTHER,other,0.004,N,N,0
C-1583,ADAPTER-STR,CP-028,adaptor,0.256,N,N,44.5
C-1584,FLANGE-CAPTIVE,CP-022,float,0.516,N,N,0
C-1585,PLUG,CP-012,elbow,0.064,N,N,28
C-1586,PLUG,CP-012,elbow,0.093,N,N,28
C-1587,PLUG,CP-012,elbow,0.145,N,N,30
C-1588,PLUG,CP-012,elbow,0.225,N,N,37
C-1589,PLUG,CP-012,elbow,0.25,N,N,37
C-1590,FLANGE-ONE PIECE,CP-002,straight,1.966,N,Y,28
C-1591,FLANGE-ONE PIEC,CP-002,straight,0.514,N,Y,28
C-1592,FLANGE-ONE PIEC,CP-002,straight,0.735,N,Y,28
C-1593,ELBOW,CP-015,threaded,0.136,N,Y,38.5
C-1594,FLANGE-ONE PIEC,CP-002,straight,0.469,N,Y,28
C-1595,BOLT,OTHER,other,0.03,N,N,0
C-1596,NUT-A/C,OTHER,other,0.25,N,N,0
C-1597,BOLT-HEX HEAD,OTHER,other,0.031,N,N,0
C-1598,ELBOW-HYDRAULIC,CP-011,elbow,1.154,N,Y,94
C-1599,ELBOW-HYDRAULIC,CP-011,elbow,1.193,N,Y,94
C-1600,ELBOW-HYDRAULIC,CP-011,elbow,1.338,N,Y,100
C-1601,ELBOW-HYDRAULIC,CP-011,elbow,1.421,N,Y,100
C-1602,ELBOW-HYDRAULIC,CP-011,elbow,1.659,N,Y,100
C-1603,ELBOW-HYDRAULIC,CP-011,elbow,1.641,N,Y,100
C-1604,ELBOW-HYDRAULIC,CP-011,elbow,1.564,N,Y,100
C-1605,ELBOW-HYDRAULIC,CP-011,elbow,1.672,N,Y,100
C-1606,ELBOW-HYDRAULIC,CP-011,elbow,1.715,N,Y,108
C-1607,ELBOW-HYDRAULIC,CP-011,elbow,2.237,N,Y,108
C-1608,ELBOW-HYDRAULIC,CP-011,elbow,2.653,N,Y,109.5
C-1609,ELBOW-HYDRAULIC,CP-011,elbow,2.535,N,Y,108
C-1610,ELBOW-HYDRAULIC,CP-011,elbow,2.35,N,Y,108
C-1611,ELBOW-HYDRAULIC,CP-011,elbow,4.86,N,Y,128
C-1612,ELBOW-HYDRAULIC,CP-011,elbow,4.448,N,Y,128
C-1613,ELBOW-HYDRAULIC,CP-011,elbow,3.939,N,Y,129.5
C-1614,FLANGE,CP-003,straight,2.35,N,Y,28
C-1615,FLANGE,CP-003,straight,2.183,N,Y,28
C-1616,FLANGE-ONE PIEC,CP-002,straight,0.799,N,Y,28
C-1617,FLANGE-ONE PIECE,CP-002,straight,1.845,N,Y,28
C-1618,SEAL-O-RING-ORFS,OTHER,other,0.001,N,N,0
C-1619,SEAL-O-RING-ORFS,OTHER,other,0.001,N,N,0
C-1620,NUT-SWIVEL,CP-025,nut,0.016,N,N,15
C-1621,NUT-SWIVEL,CP-025,nut,0.015,N,N,17
C-1622,NUT-SWIVEL,CP-025,nut,0.036,N,N,20
C-1623,NUT-SWIVEL,CP-025,nut,0.044,N,N,23.5
C-1624,NUT-SWIVEL,CP-025,nut,0.035,N,N,26.5
C-1625,NUT-SWIVEL,CP-025,nut,0.129,N,N,27.5
C-1626,NUT-SWIVEL,CP-025,nut,0.154,N,N,27.5
C-1627,SLEEVE-ORFS,CP-024,sleeve,0.005,N,N,14.5
C-1628,SLEEVE-ORFS,CP-024,sleeve,0.006,N,N,14.5
C-1629,SLEEVE-ORFS,CP-024,sleeve,0.012,N,N,14.5
C-1630,SLEEVE-ORFS,CP-024,sleeve,0.018,N,N,14.5
C-1631,SLEEVE-ORFS,CP-024,sleeve,0.026,N,N,14.5
C-1632,SLEEVE-ORFS,CP-024,sleeve,0.033,N,N,14.5
C-1633,SLEEVE-ORFS,CP-024,sleeve,0.04,N,N,14.5
C-1634,ADAPTER-STR,CP-028,adaptor,0.06,N,N,34.5
C-1635,SLEEVE-FACE SEAL,CP-024,sleeve,0.025,N,N,17
C-1636,ELBOW-HYDRAULIC,CP-011,elbow,1.33,Y,Y,100
C-1637,CONNECTOR-SEAL,CP-014,threaded,0.03,N,N,22
C-1638,CONNECTOR-SEAL,CP-014,threaded,0.04,N,N,23.1
C-1639,CONNECTOR-SEAL,CP-014,threaded,0.05,N,N,24.7
C-1640,CONNECTOR-SEAL,CP-014,threaded,0.104,N,N,27.4
C-1641,CONNECTOR-SEAL,CP-014,threaded,0.149,N,N,33.7
C-1642,CONNECTOR-SEAL,CP-014,threaded,0.225,N,N,38.6
C-1643,CONNECTOR-ORFS,CP-014,threaded,0.06,N,N,38.6
C-1644,CONNECTOR-SEAL,CP-014,threaded,0.16,N,N,35.2
C-1645,CONNECTOR-SEAL,CP-014,threaded,0.02,N,N,22
C-1646,CONNECTOR-SEAL,CP-014,threaded,0.04,N,N,23.1
C-1647,CONNECTOR-SEAL,CP-014,threaded,0.05,N,N,24.7
C-1648,CONNECTOR-SEAL,CP-014,threaded,0.097,N,N,31.4
C-1649,CONNECTOR-SEAL,CP-014,threaded,0.22,N,N,35.2
C-1650,CONNECTOR-SEAL,CP-014,threaded,0.05,N,N,38.6
C-1651,NUT-SWIVEL,OTHER,other,0.25,N,N,0
C-1652,SLEEVE-REDUCER,CP-024,sleeve,0.045,N,N,17
C-1653,SLEEVE-REDUCER,CP-024,sleeve,0.03,N,N,15.5
C-1654,SLEEVE-REDUCER,CP-024,sleeve,0.029,N,N,14.5
C-1655,SLEEVE-REDUCER,CP-024,sleeve,0.025,N,N,14.5
C-1656,SLEEVE-REDUCER,CP-024,sleeve,0.023,N,N,14.5
C-1657,SLEEVE-REDUCER,CP-024,sleeve,0.02,N,N,14.5
C-1658,SLEEVE-REDUCER,CP-024,sleeve,0.021,N,N,13.5
C-1659,SLEEVE-REDUCER,CP-024,sleeve,0.019,N,N,13.5
C-1660,SLEEEVE-REDUCER,CP-024,sleeve,0.012,N,N,12
C-1661,SLEEVE-REDUCER,CP-024,sleeve,0.005,N,N,10.5
C-1662,CAP-ORFS,OTHER,other,0.038,N,N,0
C-1663,CONNECTOR-BHD,OTHER,other,0.4,N,N,0
C-1664,FLANGE,OTHER,other,1.046,N,N,0
C-1665,FLANGE,CP-003,straight,0.685,N,Y,28
C-1666,MANIFOLD,OTHER,other,1.719,N,N,0
C-1667,PLATE,OTHER,other,0.072,N,N,0
C-1668,ADAPTER,OTHER,other,1.33,N,N,0
C-1669,LUG,OTHER,other,0.002,N,N,0
C-1670,FLANGE,CP-004,straight,0.079,N,Y,28
C-1671,WASHER-FUEL INJ,OTHER,other,0.005,N,N,0
C-1672,WASHER-FUEL INJ,OTHER,other,0.003,N,N,0
C-1673,FLANGE-SPL,CP-004,straight,0.187,N,Y,28
C-1674,NUT-FUEL INJ,OTHER,other,0.035,N,N,0
C-1675,TUBE AS-FUEL IN,OTHER,other,0.25,N,N,0
C-1676,TUBE AS-FUEL IN,OTHER,other,0.25,N,N,0
C-1677,NUT-FUEL INJ,OTHER,other,0.024,N,N,0
C-1678,FLANGE,CP-004,straight,0.07,Y,Y,28
C-1679,BRACKET,OTHER,other,0.01,N,N,0
C-1680,FLANGE,CP-004,straight,0.28,N,Y,28
C-1681,HOUSING,CP-010,elbow,0.142,Y,Y,48.7
C-1682,FLANGE,CP-003,straight,1.095,N,Y,28
C-1683,FLANGE,CP-003,straight,0.424,N,Y,28
C-1684,FLANGE,CP-003,straight,0.561,N,Y,28
C-1685,FLANGE,CP-003,straight,1.167,N,Y,28
C-1686,ELBOW,CP-008,elbow,0.666,N,Y,78.1
C-1687,FLANGE,CP-003,straight,1.579,N,Y,28
C-1688,NUT-F INJ LINE,OTHER,other,0.044,N,N,0
C-1689,COLLAR,OTHER,other,0.124,N,N,0
C-1690,ELBOW,OTHER,other,0.66,N,N,0
C-1691,ELBOW,OTHER,other,0.78,N,N,0
C-1692,SPACER,OTHER,other,0.03,N,N,0
C-1693,PLATE,OTHER,other,0.017,N,N,0
C-1694,BOSS,CP-027,nut,0.2,N,N,40
C-1695,ADAPTER,CP-028,adaptor,0.032,N,N,30
C-1696,ADAPTER,OTHER,other,0.142,N,N,0
C-1697,BOSS,CP-018,boss,0.066,Y,Y,0
C-1698,BOSS,CP-018,boss,0.073,Y,Y,0
C-1699,BOSS,CP-018,boss,0.083,Y,Y,0
C-1700,ELBOW-SWIVEL,CP-015,threaded,0.42,N,Y,38.5
C-1701,COUPLING AS,CP-014,threaded,0.219,N,N,51
C-1702,ELBOW-SWIVEL,CP-015,threaded,0.389,N,Y,38.5
C-1703,SLEEVE-ORFS,CP-024,sleeve,0.059,N,N,20
C-1704,COUPLING AS,CP-014,threaded,0.212,N,N,52
C-1705,FLANGE,CP-001,straight,1.31,Y,Y,28
C-1706,FLANGE-ONE PIECE,CP-002,straight,1.413,N,Y,28
C-1707,FITTING,CP-018,boss,0.182,Y,Y,0
C-1708,FITTING,CP-018,boss,0.052,N,Y,0
C-1709,PLUG,OTHER,other,0.052,N,N,0
C-1710,CONNECTOR-SPL,CP-014,threaded,0.109,N,N,53.1
C-1711,HEAD-FLANGED,CP-006,straight,0.045,N,N,28
C-1712,HEAD-FLANGED,CP-006,straight,0.331,N,N,14.22
C-1713,RING,CP-007,straight,0.26,Y,N,28
C-1714,CONNECTOR-FLARE,CP-014,threaded,0.136,N,N,42
C-1715,CONNECTOR-FLARE,CP-014,threaded,0.059,N,N,36.8
C-1716,CONNECTOR-SPL,CP-014,threaded,0.091,N,N,28.4
C-1717,HEAD-FLANGED,CP-007,straight,0.243,N,N,28
C-1718,CONNECTOR,CP-014,threaded,0.136,N,N,37.1
C-1719,FLANGE,CP-004,straight,0.165,N,Y,28
C-1720,HEAD-FLANGED,CP-007,straight,0.135,N,N,28
C-1721,HEAD-FLANGED,CP-007,straight,0.34,N,N,28
C-1722,FITTING,CP-014,threaded,0.045,N,N,26.5
C-1723,FITTING,CP-014,threaded,0.183,N,N,59.44
C-1724,CONNECTOR-SPL,CP-014,threaded,0.045,N,N,24.6
C-1725,BOSS,CP-018,boss,0.24,N,Y,0
C-1726,ELBOW,CP-008,elbow,0.881,N,Y,163.8
C-1727,ELBOW-37 (DEG),CP-015,threaded,0.141,N,Y,38.5
C-1728,CONNECTOR,CP-014,threaded,0.318,N,N,61.2
C-1729,BOSS,CP-018,boss,0.223,Y,Y,0
C-1730,ELBOW,OTHER,other,0.129,N,N,0
C-1731,BOSS,CP-018,boss,0.082,N,Y,0
C-1732,CLAMP,OTHER,other,0.045,N,N,0
C-1733,ELBOW,CP-010,elbow,0.245,N,Y,56.8
C-1734,FLANGE,CP-004,straight,0.327,N,Y,28
C-1735,ADAPTER-OIL LIN,OTHER,other,0.15,N,N,0
C-1736,FLANGE,CP-004,straight,0.045,N,Y,28
C-1737,SEAL-O-RING,OTHER,other,0.001,N,N,0
C-1738,FLANGE,OTHER,other,2.315,N,N,0
C-1739,FLANGE,CP-004,straight,0.107,N,Y,28
C-1740,FLANGE,CP-004,straight,0.084,N,Y,28
C-1741,ELBOW,OTHER,other,0.749,N,N,0
C-1742,CLIP,OTHER,other,0.045,N,N,0
C-1743,FITTING,CP-014,threaded,0.045,N,N,28.6
C-1744,ELBOW,CP-008,elbow,0.454,N,Y,77.98
C-1745,LINK,OTHER,other,0.072,N,N,0
C-1746,FLANGE-ONE PIEC,CP-002,straight,1.585,N,Y,28
C-1747,FLANGE-ONE PIECE,CP-002,straight,1.424,N,Y,28
C-1748,PLUG-CUP,OTHER,other,0.001,N,N,0
C-1749,FLANGE,CP-004,straight,0.07,N,Y,28
C-1750,FLANGE,CP-004,straight,0.067,N,Y,28
C-1751,PLATE,OTHER,other,0.508,N,N,0
C-1752,ELBOW-MANF IN,OTHER,other,0.67,N,N,0
C-1753,BLOCK,OTHER,other,1.8,N,N,0
C-1754,TUBE,OTHER,other,0.5,N,N,0
C-1755,TUBE AS-IN,OTHER,other,0.831,N,N,0
C-1756,NUT-FUEL INJ,OTHER,other,0.025,N,N,0
C-1757,TUBE AS,OTHER,other,0.4,N,N,0
C-1758,CONNECTOR,CP-014,threaded,0.168,N,N,52.5
C-1759,ELBOW-HYDRAULIC,CP-011,elbow,1.232,N,Y,94
C-1760,NUT-ORFS,CP-025,nut,0.124,N,N,27.79
C-1761,CONNECTOR-BHD,CP-014,threaded,0.078,N,N,45.9
C-1762,FLANGE-ONE PIECE,CP-002,straight,2.237,N,Y,28
C-1763,FLANGE-ONE PIECE,CP-002,straight,1.013,N,Y,28
C-1764,BOSS,CP-018,boss,0.009,N,Y,0
C-1765,PLATE,OTHER,other,0.706,N,N,0
C-1766,PLATE,OTHER,other,0.113,N,N,0
C-1767,CONNECTOR-WELD,CP-014,threaded,0.28,N,N,80
C-1768,FLANGE-WELD,CP-001,straight,0.783,N,Y,40
C-1769,ELB,CP-009,elbow,1.662,N,Y,80
C-1770,FLANGE,CP-001,straight,0.719,N,Y,40
C-1771,FLANGE,CP-003,straight,0.623,N,Y,28
C-1772,FLANGE-WELD,CP-001,straight,1.239,N,Y,45
C-1773,FLANGE,CP-001,straight,1.313,N,Y,45
C-1774,FLANGE-WELD,CP-009,elbow,3.536,N,Y,90
C-1775,FLANGE-ONE PIEC,CP-001,straight,0.355,N,Y,28
C-1776,COUPLING AS,CP-014,threaded,0.327,N,N,56
C-1777,CONNECTOR,CP-014,threaded,0.2,N,N,42.5
C-1778,CONNECTOR,CP-015,threaded,0.37,Y,Y,38.5
C-1779,COUPLING AS,CP-014,threaded,0.38,N,N,52
C-1780,BOSS,CP-018,boss,0.06,Y,Y,0
C-1781,CONNECTOR-WELD,CP-014,threaded,0.17,N,N,42
C-1782,ELBOW,CP-009,elbow,0.775,N,Y,63
C-1783,ELBOW,CP-009,elbow,1.316,N,Y,69
C-1784,FLANGE-ONE PIEC,CP-001,straight,1.562,N,Y,28
C-1785,FLANGE,CP-001,straight,0.243,N,Y,30
C-1786,ELBOW,CP-009,elbow,1.864,N,Y,80
C-1787,JOINT-T,OTHER,other,1.53,N,N,0
C-1788,FLANGE,CP-009,elbow,1.065,N,Y,63
C-1789,CONNECTOR,CP-014,threaded,0.047,N,N,24
C-1790,ELBOW,CP-015,threaded,0.511,N,Y,38.5
C-1791,COUPLING AS,OTHER,other,0.081,N,N,0
C-1792,FLANGE,CP-001,straight,0.371,N,Y,30
C-1793,BOSS,CP-027,nut,0.101,N,N,30
C-1794,LUG,OTHER,other,0.045,N,N,0
C-1795,FLANGE-ONE PIEC,CP-002,straight,0.65,N,Y,28
C-1796,FLANGE-ONE PIECE,CP-002,straight,1.453,N,Y,28
C-1797,TEE-UNION,OTHER,other,0.239,N,N,0
C-1798,FLANGE-ONE PIEC,CP-002,straight,0.18,N,Y,28
C-1799,CONNECTOR-SEAL,OTHER,other,0.01,N,N,0
C-1800,ELBOW-90 DEG,OTHER,other,0.853,N,N,0
C-1801,FLANGE-ONE PIEC,CP-002,straight,0.597,N,Y,28
C-1802,CONNECTOR,CP-014,threaded,0.125,N,N,38.1
C-1803,ELBOW-HYDRAULIC,CP-011,elbow,4.07,N,Y,135.5
C-1804,FLANGE-ONE PIEC,CP-005,straight,0.977,N,Y,28
C-1805,FLANGE-ONE PIEC,CP-002,straight,0.87,N,Y,28
C-1806,FLANGE-ONE PIEC,CP-002,straight,0.661,N,Y,28
C-1807,FLANGE-ONE PIEC,CP-002,straight,0.428,Y,Y,28
C-1808,ELBOW-90 DEGREE,CP-015,threaded,0.348,Y,Y,38.5
C-1809,TEE-HYDRAULIC,OTHER,tee,2.184,N,Y,108
C-1810,COUPLER-QDISC,OTHER,other,0.25,N,N,0
C-1811,FLANGE,CP-003,straight,0.95,N,Y,28
C-1812,BOSS,CP-028,adaptor,0.091,N,N,35.1
C-1813,RIVET-BLIND,OTHER,other,0.014,N,N,0
C-1814,PLUG-CUP,OTHER,other,0.001,N,N,0
C-1815,PLUG-ORIFICE,OTHER,other,0.005,N,N,0
C-1816,ELBOW,CP-008,elbow,1.1,N,Y,65
C-1817,FITTING-NUT,OTHER,other,0.014,N,N,0
C-1818,FITTING-NUT,OTHER,other,0.016,N,N,0
C-1819,ELBOW,CP-010,elbow,1.123,N,Y,70
C-1820,ELBOW,CP-008,elbow,0.45,N,Y,73
C-1821,ELBOW,CP-008,elbow,0.45,N,Y,78.1
C-1822,PLATE,OTHER,other,0.123,N,N,0
C-1823,FLANGE,OTHER,other,0.441,N,N,0
C-1824,ELBOW,OTHER,other,0.749,N,N,0
C-1825,FILLER,OTHER,other,0.445,N,N,0
C-1826,ELBOW,CP-008,elbow,0.93,N,Y,73
C-1827,NUT-TUBE,OTHER,other,0.01,N,N,0
C-1828,PLUG-O-RING,CP-028,adaptor,0.181,N,N,28.4
C-1829,ELBOW,CP-011,elbow,1.588,Y,Y,75.5
C-1830,TEE-HYDRAULIC,OTHER,tee,1.135,Y,Y,78.5
C-1831,STUD-WELD,OTHER,other,0.018,N,N,0
C-1832,DISC,OTHER,other,0.146,N,N,0
C-1833,BOSS,CP-018,boss,0.223,Y,Y,0
C-1834,FLANGE,CP-004,straight,0.575,N,Y,28
C-1835,PLUG-DETENT,OTHER,other,0.02,N,N,0
C-1836,TEE-FLARED,CP-016,threaded,0.113,N,Y,38.5
C-1837,TEE-FLARED,CP-016,threaded,0.105,N,Y,38.5
C-1838,HEAD-FLANGED,OTHER,other,0.376,N,N,0
C-1839,BOSS,CP-018,boss,0.055,Y,Y,0
C-1840,ELBOW-FLARED,CP-015,threaded,0.181,Y,Y,38.5
C-1841,CONNECTOR,CP-014,threaded,0.136,N,N,38.1
C-1842,BLOCK,CP-008,elbow,1.816,N,Y,69.85
C-1843,FLANGE,CP-003,straight,0.367,N,Y,28
C-1844,SEAL-O-RING,OTHER,other,0.001,N,N,0
C-1845,NUT,CP-026,nut,0.012,N,N,15.8
C-1846,SLEEVE-FLARED,CP-024,sleeve,0.002,N,N,10.4
C-1847,CLIP,OTHER,other,0.158,N,N,0
C-1848,NUT-FLARED,CP-026,nut,0.083,N,N,26.2
C-1849,FLANGE,CP-004,straight,0.168,N,Y,28
C-1850,ADAPTER-OIL LIN,OTHER,other,0.219,N,N,0
C-1851,ORIFICE,OTHER,other,0.094,N,N,0
C-1852,SCREEN-PUMP TUBE,OTHER,other,0.009,N,N,0
C-1853,ELBOW,CP-010,elbow,0.451,Y,Y,74.5
C-1854,FLANGE,CP-004,straight,0.305,N,Y,28
C-1855,FLANGE,CP-004,straight,0.1,Y,Y,28
C-1856,ADAPTER-OIL LIN,OTHER,other,1,N,N,0
C-1857,NUT-MALE PIPE,OTHER,other,0.25,N,N,0
C-1858,LUG,OTHER,other,0.021,N,N,0
C-1859,HEAD-FLANGED,OTHER,other,0.55,N,N,0
C-1860,FITTING,OTHER,other,0.18,N,N,0
C-1861,RIVET,OTHER,other,0.002,N,N,0
C-1862,BOSS,CP-018,boss,0.091,N,Y,0
C-1863,ELBOW,CP-010,elbow,0.513,N,Y,60.5
C-1864,CONNECTOR-FLARE,CP-014,threaded,0.091,N,N,45
C-1865,TEE-HYDRAULIC,OTHER,tee,1.953,N,Y,107
C-1866,SLEEVE-ORFS,CP-024,sleeve,0.035,N,N,14.5
C-1867,NUT-SWIVEL,CP-025,nut,0.222,N,N,27.5
C-1868,ADAPTER-ELBOW,CP-029,adaptor,0.226,N,Y,93.5
C-1869,CONNECTOR-SPL,CP-014,threaded,0.123,N,N,34
C-1870,CONNECTOR-ORFS,CP-014,threaded,0.06,N,N,24.7
C-1871,FLANGE-ONE PIEC,OTHER,other,1.34,N,N,0
C-1872,PLUG,CP-012,elbow,0.568,N,N,37
C-1873,ADAPTER-O RING,CP-014,threaded,0.03,N,N,22.22
C-1874,NUT-WELD,OTHER,other,0.016,N,N,0
C-1875,NUT-WELD,OTHER,other,0.025,N,N,0
C-1876,BOSS-WELD,OTHER,other,0.038,N,N,0
C-1877,ELBOW-90 (DEG),CP-015,threaded,0.525,Y,Y,38.5
C-1878,STUD-WELD,OTHER,other,0.02,N,N,0
C-1879,CONNECTOR-O-RIN,CP-014,threaded,0.04,N,N,33.7
C-1880,FLANGE-ONE PIEC,CP-002,straight,0.799,N,Y,28
C-1881,FLANGE-ONE PC,CP-002,straight,0.974,N,Y,28
C-1882,FLANGE-ONE PC,CP-002,straight,1.435,N,Y,28
C-1883,FLANGE-ONE PC,CP-002,straight,1.316,N,Y,28
C-1884,FLANGE-ONE PC,CP-002,straight,0.716,N,Y,28
C-1885,CONNECTOR-ORFS,CP-014,threaded,0.045,N,N,27.4
C-1886,FLANGE-ONE PIEC,CP-002,straight,1.073,N,Y,28
C-1887,FLANGE-ONE PIEC,CP-002,straight,1.026,N,Y,28
C-1888,ELBOW-90 DEGREE,CP-015,threaded,0.326,Y,Y,38.5
C-1889,CONNECTOR-WELD,CP-014,threaded,0.075,N,N,28.7
C-1890,FLANGE-ONE PC,CP-002,straight,1.487,N,Y,28
C-1891,PLUG-NPTF,OTHER,other,0.009,N,N,0
C-1892,ELBOW-90 (DEG),CP-015,threaded,0.326,Y,Y,38.5
C-1893,FLANGE-ONE PIEC,CP-002,straight,1.009,N,Y,28
C-1894,HEAD-FLANGED,CP-007,straight,0.166,N,N,24
C-1895,FLANGE-ONE PIEC,CP-002,straight,0.632,N,Y,28
C-1896,ELBOW,CP-010,elbow,0.905,Y,Y,54
C-1897,FLANGE-ONE PIEC,CP-006,straight,0.212,N,N,18
C-1898,STUD-WELD,OTHER,other,0.022,N,N,0
C-1899,ELBOW-HYDRAULIC,CP-011,elbow,5.79,Y,Y,142
C-1900,HEAD-FLANGED,CP-007,straight,0.469,N,N,36.5
C-1901,FLANGE-ONE PIECE,CP-002,straight,0.791,N,Y,28
C-1902,CONNECTOR-ORFS,CP-014,threaded,0.185,N,N,38.6
C-1903,CONNECTOR,CP-014,threaded,0.235,N,N,38.6
C-1904,FLANGE-ONE PIEC,CP-002,straight,1.674,N,Y,28
C-1905,ELBOW-HYDRAULIC,CP-011,elbow,3.25,N,Y,140
C-1906,ELBOW-90 DEGREE,CP-015,threaded,0.35,Y,Y,38.5
C-1907,CONNECTOR,CP-014,threaded,0.39,N,N,63.2
C-1908,CONNECTOR-ORFS,CP-014,threaded,0.243,N,N,60
C-1909,CONNECTOR,CP-014,threaded,0.24,N,N,60
C-1910,CONNECTOR-ORFS,CP-014,threaded,0.297,N,N,58.5
C-1911,ELBOW-90 (DEG),CP-015,threaded,0.274,Y,Y,38.5
C-1912,TEE,CP-016,threaded,0.135,Y,Y,38.5
C-1913,CONNECTOR,CP-014,threaded,0.405,N,N,63.2
C-1914,BLOCK,OTHER,other,0.567,N,N,0
C-1915,TUBE AS,OTHER,other,0.25,N,N,0
C-1916,TUBE AS,OTHER,other,0.25,N,N,0
C-1917,BLOCK,OTHER,other,0.05,N,N,0
C-1918,TUBE AS,OTHER,other,1.86,N,N,0
C-1919,BLOCK,CP-019,boss,1.96,N,Y,0
C-1920,PLATE,OTHER,other,0.15,N,N,0
C-1921,PLATE,OTHER,other,1.042,N,N,0
C-1922,BLOCK,OTHER,other,1,N,N,0
C-1923,FITTING,OTHER,other,0.773,N,N,0
C-1924,BOSS,CP-018,boss,0.09,N,Y,0
C-1925,BOSS,CP-018,boss,0.197,Y,Y,0
C-1926,PLATE,OTHER,other,0.188,N,N,0
C-1927,BOSS,CP-027,nut,0.07,N,N,35
C-1928,BOSS,CP-018,boss,0.079,Y,Y,0
C-1929,FITTING,OTHER,other,0.257,N,N,0
C-1930,TUBE,OTHER,other,0.26,N,N,0
C-1931,ELBOW,CP-008,elbow,2.67,N,Y,129.1
C-1932,PLATE,OTHER,other,0.336,N,N,0
C-1933,ELBOW,OTHER,other,0.451,N,N,0
C-1934,ELBOW,OTHER,other,0.45,N,N,0
C-1935,ELBOW,CP-008,elbow,1.766,N,Y,98.45
C-1936,BLOCK,CP-014,threaded,0.158,N,N,35.05
C-1937,NUT-WELD,OTHER,other,0.004,N,N,0
C-1938,BLOCK,OTHER,other,0.862,N,N,0
C-1939,SCREW-BLEEDER,OTHER,other,0.098,N,N,0
C-1940,NUT-WELD,OTHER,other,0.005,N,N,0
C-1941,COLLAR-O-RING,OTHER,other,0.035,N,N,0
C-1942,PLATE,OTHER,other,0.1,N,N,0
C-1943,FLANGE,CP-004,straight,0.288,N,Y,28
C-1944,CLIP,OTHER,other,0.091,N,N,0
C-1945,CLIP,OTHER,other,0.091,N,N,0
C-1946,FLANGE,CP-003,straight,0.527,N,Y,28
C-1947,FLANGE,CP-003,straight,1.271,N,Y,28
C-1948,ELBOW-WATER,CP-008,elbow,1.062,Y,Y,108.71
C-1949,WASHER,OTHER,other,0.25,N,N,0
C-1950,NUT-INJ LINE,OTHER,other,0.045,N,N,0
C-1951,ELBOW,CP-010,elbow,0.975,N,Y,60.5
C-1952,FITTING-FLARED,CP-026,nut,0.045,N,N,28.448
C-1953,FLANGE,CP-004,straight,0.1,N,Y,28
C-1954,ADAPTER,OTHER,other,0.068,N,N,0
C-1955,SCREEN AS,OTHER,other,0.5,N,N,0
C-1956,FLANGE,CP-004,straight,0.066,N,Y,28
C-1957,ELBOW,OTHER,other,1.179,N,N,0
C-1958,FLANGE-ONE PIEC,CP-003,straight,0.52,N,Y,28
C-1959,BRACKET,OTHER,other,0.25,N,N,0
C-1960,ADAPTER-EXH PIP,OTHER,other,0.227,N,N,0
C-1961,PIN-DOWEL,OTHER,other,0.195,N,N,0
C-1962,BOSS,CP-027,nut,0.071,N,N,21
C-1963,BOSS,CP-027,nut,0.05,N,N,25
C-1964,BOSS,CP-027,nut,0.04,N,N,20
C-1965,BOSS,CP-027,nut,0.11,N,N,58.5
C-1966,BOSS,CP-027,nut,0.126,N,N,40
C-1967,BOSS,CP-027,nut,0.085,N,N,25
C-1968,BOSS,CP-027,nut,0.059,N,N,30
C-1969,BOSS,CP-027,nut,0.09,N,N,45
C-1970,BOSS,CP-018,boss,0.032,N,Y,0
C-1971,PLUG-STOR,OTHER,other,0.044,N,N,0
C-1972,PLUG-STOR,OTHER,other,0.024,N,N,0
C-1973,BOSS-OUTLET,CP-018,boss,0.05,N,Y,0
C-1974,BOSS,CP-018,boss,2.375,N,Y,0
C-1975,NUT-FLARED,CP-028,adaptor,0.005,N,N,13.2
C-1976,CONNECTOR-FLARE,CP-014,threaded,0.168,N,N,54
C-1977,NUT-FULL,OTHER,other,0.005,N,N,0
C-1978,COUPLING AS,OTHER,other,0.03,N,N,0
C-1979,PLUG-STOR,OTHER,other,0.117,N,N,0
C-1980,BOSS,CP-027,nut,0.084,N,N,25
C-1981,BOSS,OTHER,other,0.263,N,N,0
C-1982,PLATE,OTHER,other,0.025,N,N,0
C-1983,FLANGE,CP-004,straight,1.2,N,Y,28
C-1984,PLATE,OTHER,other,0.15,N,N,0
C-1985,PLATE,OTHER,other,0.153,N,N,0
C-1986,FLANGE,CP-003,straight,0.741,N,Y,28
C-1987,PLATE,OTHER,other,0.47,N,N,0
C-1988,BOSS,CP-018,boss,0.055,N,Y,0
C-1989,ELBOW,CP-009,elbow,1.897,N,Y,80
C-1990,BOSS,CP-018,boss,0.2,Y,Y,0
C-1991,TEE,OTHER,other,2,N,N,0
C-1992,ELBOW,CP-008,elbow,1.1,N,Y,71.89
C-1993,BOSS,OTHER,other,0.221,N,N,0
C-1994,ELBOW-90 DEGREES,CP-015,threaded,0.125,N,Y,38.5
C-1995,ELBOW-90 DEGREE,CP-015,threaded,0.478,Y,Y,38.5
C-1996,FLANGE-TWO BOLT,CP-004,straight,0.275,N,Y,28
C-1997,FLANGE-ONE PIEC,CP-002,straight,1.094,N,Y,28
C-1998,ELBOW-90 DEG,CP-015,threaded,0.09,Y,Y,38.5
C-1999,HEAD-FLANGED,CP-007,straight,0.079,N,N,25.5
C-2000,FLANGE-ONE PIECE,CP-002,straight,2.135,N,Y,28
C-2001,ELBOW-90 DEG,CP-015,threaded,0.855,Y,Y,38.5
C-2002,ELBOW-90 DEG,CP-015,threaded,0.35,Y,Y,38.5
C-2003,ELBOW-90 DEG,CP-015,threaded,0.525,Y,Y,38.5
C-2004,ELBOW-90 DEG,CP-015,threaded,0.125,Y,Y,38.5
C-2005,ELBOW-90 DEG,CP-015,threaded,0.326,Y,Y,38.5
C-2006,ELBOW-90 DEG,CP-015,threaded,0.35,Y,Y,38.5
C-2007,ELBOW-90 DEG,CP-015,threaded,0.274,Y,Y,38.5
C-2008,ELBOW-90 DEG,CP-015,threaded,0.125,Y,Y,38.5
C-2009,FLANGE-ONE PIECE,CP-002,straight,0.709,N,Y,28
C-2010,ELBOW-HYDRAULIC,CP-011,elbow,1.78,Y,Y,100
C-2011,COUPLING,OTHER,other,0.211,N,N,0
C-2012,COUPLING,OTHER,other,0.279,N,N,0
C-2013,COUPLING,OTHER,other,0.22,N,N,0
C-2014,COUPLING,OTHER,other,0.24,N,N,0
C-2015,FLANGE-ONE PIEC,CP-002,straight,1.734,N,Y,28
C-2016,FLANGE-ONE PIECE,CP-002,straight,1.876,N,Y,28
C-2017,FLANGE-ONE PIEC,CP-002,straight,0.84,N,Y,28
C-2018,FLANGE-ONE PIECE,CP-002,straight,1.327,N,Y,28
C-2019,FLANGE-HYDRAULIC,CP-002,straight,1.44,N,Y,28
C-2020,FLANGE-ONE PIEC,CP-002,straight,1.574,N,Y,28
C-2021,FLANGE-ONE PIECE,CP-002,straight,1.678,N,Y,28
C-2022,FLANGE-ONE PIECE,CP-002,straight,2.748,N,Y,28
C-2023,FLANGE-ONE PIEC,CP-002,straight,1.621,N,Y,28
C-2024,ELBOW-HYDRAULIC,CP-011,elbow,0.975,Y,Y,85.5
C-2025,NUT-SWIVEL,CP-025,nut,0.153,N,N,27.5
C-2026,NUT-SWIVEL,CP-025,nut,0.128,N,N,27.5
C-2027,NUT-SWIVEL,CP-025,nut,0.096,N,N,26.5
C-2028,NUT-SWIVEL,CP-025,nut,0.052,N,N,24
C-2029,NUT-SWIVEL,CP-025,nut,0.034,N,N,20
C-2030,NUT-SWIVEL,CP-025,nut,0.023,N,N,17
C-2031,ELBOW-HYDRAULIC,CP-011,elbow,6.049,N,Y,142
C-2032,ELBOW-90 DEG,CP-015,threaded,0.495,Y,Y,38.5
C-2033,ELBOW-90 DEG,CP-015,threaded,0.475,Y,Y,38.5
C-2034,HEAD-FLANGED,CP-007,straight,0.188,N,N,28
C-2035,SLEEVE-ORIFICE,CP-024,sleeve,0.001,N,N,9.5
C-2036,SEAL-O-RING,OTHER,other,0.001,N,N,0
C-2037,SEAL-O-RING,OTHER,other,0.001,N,N,0
C-2038,BOSS-WELD,OTHER,other,0.048,N,N,0
C-2039,TUBE AS-FUEL IN,OTHER,other,0.25,N,N,0
C-2040,TUBE AS-FUEL IN,OTHER,other,0.25,N,N,0
C-2041,TUBE AS-FUEL IN,OTHER,other,0.25,N,N,0
C-2042,BOSS,OTHER,other,0.002,N,N,0
C-2043,FLANGE,CP-004,straight,0.2,N,Y,28
C-2044,ADAPTER-INLET,CP-006,straight,0.74,N,N,28
C-2045,ADAPTER-INLET,OTHER,other,0.74,N,N,0
C-2046,SLEEVE,OTHER,other,1.2,N,N,0
C-2047,FLANGE,OTHER,other,0.026,N,N,0
